20    execve("/usr/local/bin/python3", ["python3", "/workspace/run_chain.py"], 0x7fff7fc4f520 /* 9 vars */) = 0
20    readlinkat(AT_FDCWD, "/proc/self/exe", "/usr/local/bin/python3.11", 4096) = 25
20    access("/etc/ld.so.preload", R_OK) = -1 ENOENT (No such file or directory)
20    openat(AT_FDCWD, "/usr/local/bin/../lib/glibc-hwcaps/x86-64-v3/libpython3.11.so.1.0", O_RDONLY|O_CLOEXEC) = -1 ENOENT (No such file or directory)
20    newfstatat(AT_FDCWD, "/usr/local/bin/../lib/glibc-hwcaps/x86-64-v3/", 0x7ffe0b5e4ca0, 0) = -1 ENOENT (No such file or directory)
20    openat(AT_FDCWD, "/usr/local/bin/../lib/glibc-hwcaps/x86-64-v2/libpython3.11.so.1.0", O_RDONLY|O_CLOEXEC) = -1 ENOENT (No such file or directory)
20    newfstatat(AT_FDCWD, "/usr/local/bin/../lib/glibc-hwcaps/x86-64-v2/", 0x7ffe0b5e4ca0, 0) = -1 ENOENT (No such file or directory)
20    openat(AT_FDCWD, "/usr/local/bin/../lib/libpython3.11.so.1.0", O_RDONLY|O_CLOEXEC) = 3
20    openat(AT_FDCWD, "/usr/local/bin/../lib/libc.so.6", O_RDONLY|O_CLOEXEC) = -1 ENOENT (No such file or directory)
20    openat(AT_FDCWD, "/etc/ld.so.cache", O_RDONLY|O_CLOEXEC) = 3
20    openat(AT_FDCWD, "/lib/x86_64-linux-gnu/libc.so.6", O_RDONLY|O_CLOEXEC) = 3
20    openat(AT_FDCWD, "/lib/x86_64-linux-gnu/libm.so.6", O_RDONLY|O_CLOEXEC) = 3
20    openat(AT_FDCWD, "/usr/lib/locale/locale-archive", O_RDONLY|O_CLOEXEC) = -1 ENOENT (No such file or directory)
20    openat(AT_FDCWD, "/usr/share/locale/locale.alias", O_RDONLY|O_CLOEXEC) = -1 ENOENT (No such file or directory)
20    openat(AT_FDCWD, "/usr/lib/locale/C.UTF-8/LC_CTYPE", O_RDONLY|O_CLOEXEC) = -1 ENOENT (No such file or directory)
20    openat(AT_FDCWD, "/usr/lib/locale/C.utf8/LC_CTYPE", O_RDONLY|O_CLOEXEC) = 3
20    openat(AT_FDCWD, "/usr/lib/x86_64-linux-gnu/gconv/gconv-modules.cache", O_RDONLY|O_CLOEXEC) = 3
20    newfstatat(AT_FDCWD, "/usr/local/bin/python3", {st_mode=S_IFREG|0755, st_size=14472, ...}, 0) = 0
20    openat(AT_FDCWD, "/usr/local/pyvenv.cfg", O_RDONLY) = -1 ENOENT (No such file or directory)
20    openat(AT_FDCWD, "/usr/local/bin/pyvenv.cfg", O_RDONLY) = -1 ENOENT (No such file or directory)
20    readlink("/usr/local/bin/python3", "python3.11", 4096) = 10
20    readlink("/usr/local/bin/python3.11", 0x7ffe0b5e0210, 4096) = -1 EINVAL (Invalid argument)
20    openat(AT_FDCWD, "/usr/local/bin/python3._pth", O_RDONLY) = -1 ENOENT (No such file or directory)
20    openat(AT_FDCWD, "/usr/local/bin/python3.11._pth", O_RDONLY) = -1 ENOENT (No such file or directory)
20    openat(AT_FDCWD, "/usr/local/bin/pybuilddir.txt", O_RDONLY) = -1 ENOENT (No such file or directory)
20    newfstatat(AT_FDCWD, "/usr/local/bin/lib/python311.zip", 0x7ffe0b5e4fa0, 0) = -1 ENOENT (No such file or directory)
20    newfstatat(AT_FDCWD, "/usr/local/lib/python311.zip", 0x7ffe0b5e4fa0, 0) = -1 ENOENT (No such file or directory)
20    newfstatat(AT_FDCWD, "/usr/lib/python311.zip", 0x7ffe0b5e4fa0, 0) = -1 ENOENT (No such file or directory)
20    newfstatat(AT_FDCWD, "/usr/local/bin/lib/python3.11/os.py", 0x7ffe0b5e4e20, 0) = -1 ENOENT (No such file or directory)
20    newfstatat(AT_FDCWD, "/usr/local/bin/lib/python3.11/os.pyc", 0x7ffe0b5e4e20, 0) = -1 ENOENT (No such file or directory)
20    newfstatat(AT_FDCWD, "/usr/local/lib/python3.11/os.py", {st_mode=S_IFREG|0644, st_size=39530, ...}, 0) = 0
20    newfstatat(AT_FDCWD, "/usr/local/bin/lib/python3.11/lib-dynload", 0x7ffe0b5e4fa8, 0) = -1 ENOENT (No such file or directory)
20    newfstatat(AT_FDCWD, "/usr/local/lib/python3.11/lib-dynload", {st_mode=S_IFDIR|0755, st_size=4096, ...}, 0) = 0
20    newfstatat(AT_FDCWD, "/usr/local/lib/python3.11/lib-dynload", {st_mode=S_IFDIR|0755, st_size=4096, ...}, 0) = 0
20    openat(AT_FDCWD, "/etc/localtime", O_RDONLY|O_CLOEXEC) = 3
20    newfstatat(AT_FDCWD, "/usr/local/lib/python311.zip", 0x7ffe0b5e4a50, 0) = -1 ENOENT (No such file or directory)
20    newfstatat(AT_FDCWD, "/usr/local/lib", {st_mode=S_IFDIR|0755, st_size=4096, ...}, 0) = 0
20    newfstatat(AT_FDCWD, "/usr/local/lib/python311.zip", 0x7ffe0b5e4d30, 0) = -1 ENOENT (No such file or directory)
20    newfstatat(AT_FDCWD, "/usr/local/lib/python3.11", {st_mode=S_IFDIR|0755, st_size=4096, ...}, 0) = 0
20    newfstatat(AT_FDCWD, "/usr/local/lib/python3.11", {st_mode=S_IFDIR|0755, st_size=4096, ...}, 0) = 0
20    newfstatat(AT_FDCWD, "/usr/local/lib/python3.11", {st_mode=S_IFDIR|0755, st_size=4096, ...}, 0) = 0
20    openat(AT_FDCWD, "/usr/local/lib/python3.11", O_RDONLY|O_NONBLOCK|O_CLOEXEC|O_DIRECTORY) = 3
20    newfstatat(AT_FDCWD, "/usr/local/lib/python3.11/encodings/__init__.cpython-311-x86_64-linux-gnu.so", 0x7ffe0b5e4d30, 0) = -1 ENOENT (No such file or directory)
20    newfstatat(AT_FDCWD, "/usr/local/lib/python3.11/encodings/__init__.abi3.so", 0x7ffe0b5e4d90, 0) = -1 ENOENT (No such file or directory)
20    newfstatat(AT_FDCWD, "/usr/local/lib/python3.11/encodings/__init__.so", 0x7ffe0b5e4d90, 0) = -1 ENOENT (No such file or directory)
20    newfstatat(AT_FDCWD, "/usr/local/lib/python3.11/encodings/__init__.py", {st_mode=S_IFREG|0644, st_size=5884, ...}, 0) = 0
20    newfstatat(AT_FDCWD, "/usr/local/lib/python3.11/encodings/__init__.py", {st_mode=S_IFREG|0644, st_size=5884, ...}, 0) = 0
20    openat(AT_FDCWD, "/usr/local/lib/python3.11/encodings/__pycache__/__init__.cpython-311.pyc", O_RDONLY|O_CLOEXEC) = 3
20    newfstatat(AT_FDCWD, "/usr/local/lib/python3.11/encodings", {st_mode=S_IFDIR|0755, st_size=4096, ...}, 0) = 0
20    newfstatat(AT_FDCWD, "/usr/local/lib/python3.11/encodings", {st_mode=S_IFDIR|0755, st_size=4096, ...}, 0) = 0
20    newfstatat(AT_FDCWD, "/usr/local/lib/python3.11/encodings", {st_mode=S_IFDIR|0755, st_size=4096, ...}, 0) = 0
20    openat(AT_FDCWD, "/usr/local/lib/python3.11/encodings", O_RDONLY|O_NONBLOCK|O_CLOEXEC|O_DIRECTORY) = 3
20    newfstatat(AT_FDCWD, "/usr/local/lib/python3.11/encodings/aliases.py", {st_mode=S_IFREG|0644, st_size=15677, ...}, 0) = 0
20    newfstatat(AT_FDCWD, "/usr/local/lib/python3.11/encodings/aliases.py", {st_mode=S_IFREG|0644, st_size=15677, ...}, 0) = 0
20    openat(AT_FDCWD, "/usr/local/lib/python3.11/encodings/__pycache__/aliases.cpython-311.pyc", O_RDONLY|O_CLOEXEC) = 3
20    newfstatat(AT_FDCWD, "/usr/local/lib/python3.11/encodings", {st_mode=S_IFDIR|0755, st_size=4096, ...}, 0) = 0
20    newfstatat(AT_FDCWD, "/usr/local/lib/python3.11/encodings/utf_8.py", {st_mode=S_IFREG|0644, st_size=1005, ...}, 0) = 0
20    newfstatat(AT_FDCWD, "/usr/local/lib/python3.11/encodings/utf_8.py", {st_mode=S_IFREG|0644, st_size=1005, ...}, 0) = 0
20    openat(AT_FDCWD, "/usr/local/lib/python3.11/encodings/__pycache__/utf_8.cpython-311.pyc", O_RDONLY|O_CLOEXEC) = 3
20    newfstatat(AT_FDCWD, "/usr/local/bin/pyvenv.cfg", 0x7ffe0b5e4b10, 0) = -1 ENOENT (No such file or directory)
20    newfstatat(AT_FDCWD, "/usr/local/pyvenv.cfg", 0x7ffe0b5e4b10, 0) = -1 ENOENT (No such file or directory)
20    newfstatat(AT_FDCWD, "/root/.local/lib/python3.11/site-packages", 0x7ffe0b5e4b10, 0) = -1 ENOENT (No such file or directory)
20    newfstatat(AT_FDCWD, "/usr/local/lib/python3.11/site-packages", {st_mode=S_IFDIR|0755, st_size=4096, ...}, 0) = 0
20    openat(AT_FDCWD, "/usr/local/lib/python3.11/site-packages", O_RDONLY|O_NONBLOCK|O_CLOEXEC|O_DIRECTORY) = 3
20    newfstatat(AT_FDCWD, "/usr/local/lib/python3.11/site-packages/_editable_impl_mosaic_bench.pth", {st_mode=S_IFREG|0644, st_size=21, ...}, AT_SYMLINK_NOFOLLOW) = 0
20    openat(AT_FDCWD, "/usr/local/lib/python3.11/site-packages/_editable_impl_mosaic_bench.pth", O_RDONLY|O_CLOEXEC) = 3
20    newfstatat(AT_FDCWD, "/workspace", {st_mode=S_IFDIR|0755, st_size=4096, ...}, 0) = 0
20    newfstatat(AT_FDCWD, "/usr/local/lib/python3.11/site-packages/distutils-precedence.pth", {st_mode=S_IFREG|0644, st_size=151, ...}, AT_SYMLINK_NOFOLLOW) = 0
20    openat(AT_FDCWD, "/usr/local/lib/python3.11/site-packages/distutils-precedence.pth", O_RDONLY|O_CLOEXEC) = 3
20    newfstatat(AT_FDCWD, "/usr/local/lib/python3.11", {st_mode=S_IFDIR|0755, st_size=4096, ...}, 0) = 0
20    newfstatat(AT_FDCWD, "/usr/local/lib/python3.11/lib-dynload", {st_mode=S_IFDIR|0755, st_size=4096, ...}, 0) = 0
20    newfstatat(AT_FDCWD, "/usr/local/lib/python3.11/lib-dynload", {st_mode=S_IFDIR|0755, st_size=4096, ...}, 0) = 0
20    newfstatat(AT_FDCWD, "/usr/local/lib/python3.11/lib-dynload", {st_mode=S_IFDIR|0755, st_size=4096, ...}, 0) = 0
20    openat(AT_FDCWD, "/usr/local/lib/python3.11/lib-dynload", O_RDONLY|O_NONBLOCK|O_CLOEXEC|O_DIRECTORY) = 4
20    newfstatat(AT_FDCWD, "/usr/local/lib/python3.11/site-packages", {st_mode=S_IFDIR|0755, st_size=4096, ...}, 0) = 0
20    newfstatat(AT_FDCWD, "/usr/local/lib/python3.11/site-packages", {st_mode=S_IFDIR|0755, st_size=4096, ...}, 0) = 0
20    newfstatat(AT_FDCWD, "/usr/local/lib/python3.11/site-packages", {st_mode=S_IFDIR|0755, st_size=4096, ...}, 0) = 0
20    openat(AT_FDCWD, "/usr/local/lib/python3.11/site-packages", O_RDONLY|O_NONBLOCK|O_CLOEXEC|O_DIRECTORY) = 4
20    newfstatat(AT_FDCWD, "/usr/local/lib/python3.11/site-packages/_distutils_hack/__init__.cpython-311-x86_64-linux-gnu.so", 0x7ffe0b5e43b0, 0) = -1 ENOENT (No such file or directory)
20    newfstatat(AT_FDCWD, "/usr/local/lib/python3.11/site-packages/_distutils_hack/__init__.abi3.so", 0x7ffe0b5e43b0, 0) = -1 ENOENT (No such file or directory)
20    newfstatat(AT_FDCWD, "/usr/local/lib/python3.11/site-packages/_distutils_hack/__init__.so", 0x7ffe0b5e43b0, 0) = -1 ENOENT (No such file or directory)
20    newfstatat(AT_FDCWD, "/usr/local/lib/python3.11/site-packages/_distutils_hack/__init__.py", {st_mode=S_IFREG|0644, st_size=6755, ...}, 0) = 0
20    newfstatat(AT_FDCWD, "/usr/local/lib/python3.11/site-packages/_distutils_hack/__init__.py", {st_mode=S_IFREG|0644, st_size=6755, ...}, 0) = 0
20    openat(AT_FDCWD, "/usr/local/lib/python3.11/site-packages/_distutils_hack/__pycache__/__init__.cpython-311.pyc", O_RDONLY|O_CLOEXEC) = 4
20    newfstatat(AT_FDCWD, "/usr/local/lib/python3.11", {st_mode=S_IFDIR|0755, st_size=4096, ...}, 0) = 0
20    newfstatat(AT_FDCWD, "/usr/local/lib/python3.11/lib-dynload", {st_mode=S_IFDIR|0755, st_size=4096, ...}, 0) = 0
20    newfstatat(AT_FDCWD, "/usr/local/lib/python3.11/site-packages", {st_mode=S_IFDIR|0755, st_size=4096, ...}, 0) = 0
20    newfstatat(AT_FDCWD, "/workspace", {st_mode=S_IFDIR|0755, st_size=4096, ...}, 0) = 0
20    newfstatat(AT_FDCWD, "/workspace", {st_mode=S_IFDIR|0755, st_size=4096, ...}, 0) = 0
20    newfstatat(AT_FDCWD, "/workspace", {st_mode=S_IFDIR|0755, st_size=4096, ...}, 0) = 0
20    openat(AT_FDCWD, "/workspace", O_RDONLY|O_NONBLOCK|O_CLOEXEC|O_DIRECTORY) = 3
20    newfstatat(AT_FDCWD, "/usr/local/lib/python3.11", {st_mode=S_IFDIR|0755, st_size=4096, ...}, 0) = 0
20    newfstatat(AT_FDCWD, "/usr/local/lib/python3.11/lib-dynload", {st_mode=S_IFDIR|0755, st_size=4096, ...}, 0) = 0
20    newfstatat(AT_FDCWD, "/usr/local/lib/python3.11/site-packages", {st_mode=S_IFDIR|0755, st_size=4096, ...}, 0) = 0
20    newfstatat(AT_FDCWD, "/workspace", {st_mode=S_IFDIR|0755, st_size=4096, ...}, 0) = 0
20    newfstatat(AT_FDCWD, "/workspace/run_chain.py", {st_mode=S_IFREG|0775, st_size=4138, ...}, 0) = 0
20    openat(AT_FDCWD, "/workspace/run_chain.py", O_RDONLY|O_CLOEXEC) = 3
20    newfstatat(AT_FDCWD, "/workspace/run_chain.py", {st_mode=S_IFREG|0775, st_size=4138, ...}, 0) = 0
20    readlink("/workspace/run_chain.py", 0x7ffe0b5d48d0, 4096) = -1 EINVAL (Invalid argument)
20    readlink("/workspace", 0x7ffe0b5d4470, 1023) = -1 EINVAL (Invalid argument)
20    readlink("/workspace/run_chain.py", 0x7ffe0b5d4470, 1023) = -1 EINVAL (Invalid argument)
20    openat(AT_FDCWD, "/workspace/run_chain.py", O_RDONLY) = 3
20    newfstatat(AT_FDCWD, "/workspace", {st_mode=S_IFDIR|0755, st_size=4096, ...}, 0) = 0
20    newfstatat(AT_FDCWD, "/usr/local/lib/python3.11", {st_mode=S_IFDIR|0755, st_size=4096, ...}, 0) = 0
20    newfstatat(AT_FDCWD, "/usr/local/lib/python3.11/subprocess.py", {st_mode=S_IFREG|0644, st_size=88725, ...}, 0) = 0
20    newfstatat(AT_FDCWD, "/usr/local/lib/python3.11/subprocess.py", {st_mode=S_IFREG|0644, st_size=88725, ...}, 0) = 0
20    openat(AT_FDCWD, "/usr/local/lib/python3.11/__pycache__/subprocess.cpython-311.pyc", O_RDONLY|O_CLOEXEC) = 3
20    newfstatat(AT_FDCWD, "/workspace", {st_mode=S_IFDIR|0755, st_size=4096, ...}, 0) = 0
20    newfstatat(AT_FDCWD, "/usr/local/lib/python3.11", {st_mode=S_IFDIR|0755, st_size=4096, ...}, 0) = 0
20    newfstatat(AT_FDCWD, "/usr/local/lib/python3.11/locale.py", {st_mode=S_IFREG|0644, st_size=79095, ...}, 0) = 0
20    newfstatat(AT_FDCWD, "/usr/local/lib/python3.11/locale.py", {st_mode=S_IFREG|0644, st_size=79095, ...}, 0) = 0
20    openat(AT_FDCWD, "/usr/local/lib/python3.11/__pycache__/locale.cpython-311.pyc", O_RDONLY|O_CLOEXEC) = 3
20    newfstatat(AT_FDCWD, "/workspace", {st_mode=S_IFDIR|0755, st_size=4096, ...}, 0) = 0
20    newfstatat(AT_FDCWD, "/usr/local/lib/python3.11", {st_mode=S_IFDIR|0755, st_size=4096, ...}, 0) = 0
20    newfstatat(AT_FDCWD, "/usr/local/lib/python3.11/re/__init__.cpython-311-x86_64-linux-gnu.so", 0x7ffe0b5e4360, 0) = -1 ENOENT (No such file or directory)
20    newfstatat(AT_FDCWD, "/usr/local/lib/python3.11/re/__init__.abi3.so", 0x7ffe0b5e4360, 0) = -1 ENOENT (No such file or directory)
20    newfstatat(AT_FDCWD, "/usr/local/lib/python3.11/re/__init__.so", 0x7ffe0b5e4360, 0) = -1 ENOENT (No such file or directory)
20    newfstatat(AT_FDCWD, "/usr/local/lib/python3.11/re/__init__.py", {st_mode=S_IFREG|0644, st_size=15889, ...}, 0) = 0
20    newfstatat(AT_FDCWD, "/usr/local/lib/python3.11/re/__init__.py", {st_mode=S_IFREG|0644, st_size=15889, ...}, 0) = 0
20    openat(AT_FDCWD, "/usr/local/lib/python3.11/re/__pycache__/__init__.cpython-311.pyc", O_RDONLY|O_CLOEXEC) = 3
20    newfstatat(AT_FDCWD, "/workspace", {st_mode=S_IFDIR|0755, st_size=4096, ...}, 0) = 0
20    newfstatat(AT_FDCWD, "/usr/local/lib/python3.11", {st_mode=S_IFDIR|0755, st_size=4096, ...}, 0) = 0
20    newfstatat(AT_FDCWD, "/usr/local/lib/python3.11/enum.py", {st_mode=S_IFREG|0644, st_size=79583, ...}, 0) = 0
20    newfstatat(AT_FDCWD, "/usr/local/lib/python3.11/enum.py", {st_mode=S_IFREG|0644, st_size=79583, ...}, 0) = 0
20    openat(AT_FDCWD, "/usr/local/lib/python3.11/__pycache__/enum.cpython-311.pyc", O_RDONLY|O_CLOEXEC) = 3
20    newfstatat(AT_FDCWD, "/workspace", {st_mode=S_IFDIR|0755, st_size=4096, ...}, 0) = 0
20    newfstatat(AT_FDCWD, "/usr/local/lib/python3.11", {st_mode=S_IFDIR|0755, st_size=4096, ...}, 0) = 0
20    newfstatat(AT_FDCWD, "/usr/local/lib/python3.11/types.py", {st_mode=S_IFREG|0644, st_size=10067, ...}, 0) = 0
20    newfstatat(AT_FDCWD, "/usr/local/lib/python3.11/types.py", {st_mode=S_IFREG|0644, st_size=10067, ...}, 0) = 0
20    openat(AT_FDCWD, "/usr/local/lib/python3.11/__pycache__/types.cpython-311.pyc", O_RDONLY|O_CLOEXEC) = 3
20    newfstatat(AT_FDCWD, "/workspace", {st_mode=S_IFDIR|0755, st_size=4096, ...}, 0) = 0
20    newfstatat(AT_FDCWD, "/usr/local/lib/python3.11", {st_mode=S_IFDIR|0755, st_size=4096, ...}, 0) = 0
20    newfstatat(AT_FDCWD, "/usr/local/lib/python3.11/operator.py", {st_mode=S_IFREG|0644, st_size=10965, ...}, 0) = 0
20    newfstatat(AT_FDCWD, "/usr/local/lib/python3.11/operator.py", {st_mode=S_IFREG|0644, st_size=10965, ...}, 0) = 0
20    openat(AT_FDCWD, "/usr/local/lib/python3.11/__pycache__/operator.cpython-311.pyc", O_RDONLY|O_CLOEXEC) = 3
20    newfstatat(AT_FDCWD, "/workspace", {st_mode=S_IFDIR|0755, st_size=4096, ...}, 0) = 0
20    newfstatat(AT_FDCWD, "/usr/local/lib/python3.11", {st_mode=S_IFDIR|0755, st_size=4096, ...}, 0) = 0
20    newfstatat(AT_FDCWD, "/usr/local/lib/python3.11/functools.py", {st_mode=S_IFREG|0644, st_size=38413, ...}, 0) = 0
20    newfstatat(AT_FDCWD, "/usr/local/lib/python3.11/functools.py", {st_mode=S_IFREG|0644, st_size=38413, ...}, 0) = 0
20    openat(AT_FDCWD, "/usr/local/lib/python3.11/__pycache__/functools.cpython-311.pyc", O_RDONLY|O_CLOEXEC) = 3
20    newfstatat(AT_FDCWD, "/workspace", {st_mode=S_IFDIR|0755, st_size=4096, ...}, 0) = 0
20    newfstatat(AT_FDCWD, "/usr/local/lib/python3.11", {st_mode=S_IFDIR|0755, st_size=4096, ...}, 0) = 0
20    newfstatat(AT_FDCWD, "/usr/local/lib/python3.11/collections/__init__.cpython-311-x86_64-linux-gnu.so", 0x7ffe0b5e2f80, 0) = -1 ENOENT (No such file or directory)
20    newfstatat(AT_FDCWD, "/usr/local/lib/python3.11/collections/__init__.abi3.so", 0x7ffe0b5e2f80, 0) = -1 ENOENT (No such file or directory)
20    newfstatat(AT_FDCWD, "/usr/local/lib/python3.11/collections/__init__.so", 0x7ffe0b5e2f80, 0) = -1 ENOENT (No such file or directory)
20    newfstatat(AT_FDCWD, "/usr/local/lib/python3.11/collections/__init__.py", {st_mode=S_IFREG|0644, st_size=52018, ...}, 0) = 0
20    newfstatat(AT_FDCWD, "/usr/local/lib/python3.11/collections/__init__.py", {st_mode=S_IFREG|0644, st_size=52018, ...}, 0) = 0
20    openat(AT_FDCWD, "/usr/local/lib/python3.11/collections/__pycache__/__init__.cpython-311.pyc", O_RDONLY|O_CLOEXEC) = 3
20    newfstatat(AT_FDCWD, "/workspace", {st_mode=S_IFDIR|0755, st_size=4096, ...}, 0) = 0
20    newfstatat(AT_FDCWD, "/usr/local/lib/python3.11", {st_mode=S_IFDIR|0755, st_size=4096, ...}, 0) = 0
20    newfstatat(AT_FDCWD, "/usr/local/lib/python3.11/keyword.py", {st_mode=S_IFREG|0644, st_size=1061, ...}, 0) = 0
20    newfstatat(AT_FDCWD, "/usr/local/lib/python3.11/keyword.py", {st_mode=S_IFREG|0644, st_size=1061, ...}, 0) = 0
20    openat(AT_FDCWD, "/usr/local/lib/python3.11/__pycache__/keyword.cpython-311.pyc", O_RDONLY|O_CLOEXEC) = 3
20    newfstatat(AT_FDCWD, "/workspace", {st_mode=S_IFDIR|0755, st_size=4096, ...}, 0) = 0
20    newfstatat(AT_FDCWD, "/usr/local/lib/python3.11", {st_mode=S_IFDIR|0755, st_size=4096, ...}, 0) = 0
20    newfstatat(AT_FDCWD, "/usr/local/lib/python3.11/reprlib.py", {st_mode=S_IFREG|0644, st_size=5437, ...}, 0) = 0
20    newfstatat(AT_FDCWD, "/usr/local/lib/python3.11/reprlib.py", {st_mode=S_IFREG|0644, st_size=5437, ...}, 0) = 0
20    openat(AT_FDCWD, "/usr/local/lib/python3.11/__pycache__/reprlib.cpython-311.pyc", O_RDONLY|O_CLOEXEC) = 3
20    newfstatat(AT_FDCWD, "/usr/local/lib/python3.11/re", {st_mode=S_IFDIR|0755, st_size=4096, ...}, 0) = 0
20    newfstatat(AT_FDCWD, "/usr/local/lib/python3.11/re", {st_mode=S_IFDIR|0755, st_size=4096, ...}, 0) = 0
20    newfstatat(AT_FDCWD, "/usr/local/lib/python3.11/re", {st_mode=S_IFDIR|0755, st_size=4096, ...}, 0) = 0
20    openat(AT_FDCWD, "/usr/local/lib/python3.11/re", O_RDONLY|O_NONBLOCK|O_CLOEXEC|O_DIRECTORY) = 3
20    newfstatat(AT_FDCWD, "/usr/local/lib/python3.11/re/_compiler.py", {st_mode=S_IFREG|0644, st_size=26089, ...}, 0) = 0
20    newfstatat(AT_FDCWD, "/usr/local/lib/python3.11/re/_compiler.py", {st_mode=S_IFREG|0644, st_size=26089, ...}, 0) = 0
20    openat(AT_FDCWD, "/usr/local/lib/python3.11/re/__pycache__/_compiler.cpython-311.pyc", O_RDONLY|O_CLOEXEC) = 3
20    newfstatat(AT_FDCWD, "/usr/local/lib/python3.11/re", {st_mode=S_IFDIR|0755, st_size=4096, ...}, 0) = 0
20    newfstatat(AT_FDCWD, "/usr/local/lib/python3.11/re/_parser.py", {st_mode=S_IFREG|0644, st_size=42420, ...}, 0) = 0
20    newfstatat(AT_FDCWD, "/usr/local/lib/python3.11/re/_parser.py", {st_mode=S_IFREG|0644, st_size=42420, ...}, 0) = 0
20    openat(AT_FDCWD, "/usr/local/lib/python3.11/re/__pycache__/_parser.cpython-311.pyc", O_RDONLY|O_CLOEXEC) = 3
20    newfstatat(AT_FDCWD, "/usr/local/lib/python3.11/re", {st_mode=S_IFDIR|0755, st_size=4096, ...}, 0) = 0
20    newfstatat(AT_FDCWD, "/usr/local/lib/python3.11/re/_constants.py", {st_mode=S_IFREG|0644, st_size=5930, ...}, 0) = 0
20    newfstatat(AT_FDCWD, "/usr/local/lib/python3.11/re/_constants.py", {st_mode=S_IFREG|0644, st_size=5930, ...}, 0) = 0
20    openat(AT_FDCWD, "/usr/local/lib/python3.11/re/__pycache__/_constants.cpython-311.pyc", O_RDONLY|O_CLOEXEC) = 3
20    newfstatat(AT_FDCWD, "/usr/local/lib/python3.11/re", {st_mode=S_IFDIR|0755, st_size=4096, ...}, 0) = 0
20    newfstatat(AT_FDCWD, "/usr/local/lib/python3.11/re/_casefix.py", {st_mode=S_IFREG|0644, st_size=5446, ...}, 0) = 0
20    newfstatat(AT_FDCWD, "/usr/local/lib/python3.11/re/_casefix.py", {st_mode=S_IFREG|0644, st_size=5446, ...}, 0) = 0
20    openat(AT_FDCWD, "/usr/local/lib/python3.11/re/__pycache__/_casefix.cpython-311.pyc", O_RDONLY|O_CLOEXEC) = 3
20    newfstatat(AT_FDCWD, "/workspace", {st_mode=S_IFDIR|0755, st_size=4096, ...}, 0) = 0
20    newfstatat(AT_FDCWD, "/usr/local/lib/python3.11", {st_mode=S_IFDIR|0755, st_size=4096, ...}, 0) = 0
20    newfstatat(AT_FDCWD, "/usr/local/lib/python3.11/copyreg.py", {st_mode=S_IFREG|0644, st_size=7677, ...}, 0) = 0
20    newfstatat(AT_FDCWD, "/usr/local/lib/python3.11/copyreg.py", {st_mode=S_IFREG|0644, st_size=7677, ...}, 0) = 0
20    openat(AT_FDCWD, "/usr/local/lib/python3.11/__pycache__/copyreg.cpython-311.pyc", O_RDONLY|O_CLOEXEC) = 3
20    newfstatat(AT_FDCWD, "/workspace", {st_mode=S_IFDIR|0755, st_size=4096, ...}, 0) = 0
20    newfstatat(AT_FDCWD, "/usr/local/lib/python3.11", {st_mode=S_IFDIR|0755, st_size=4096, ...}, 0) = 0
20    newfstatat(AT_FDCWD, "/usr/local/lib/python3.11/signal.py", {st_mode=S_IFREG|0644, st_size=2495, ...}, 0) = 0
20    newfstatat(AT_FDCWD, "/usr/local/lib/python3.11/signal.py", {st_mode=S_IFREG|0644, st_size=2495, ...}, 0) = 0
20    openat(AT_FDCWD, "/usr/local/lib/python3.11/__pycache__/signal.cpython-311.pyc", O_RDONLY|O_CLOEXEC) = 3
20    newfstatat(AT_FDCWD, "/workspace", {st_mode=S_IFDIR|0755, st_size=4096, ...}, 0) = 0
20    newfstatat(AT_FDCWD, "/usr/local/lib/python3.11", {st_mode=S_IFDIR|0755, st_size=4096, ...}, 0) = 0
20    newfstatat(AT_FDCWD, "/usr/local/lib/python3.11/threading.py", {st_mode=S_IFREG|0644, st_size=58231, ...}, 0) = 0
20    newfstatat(AT_FDCWD, "/usr/local/lib/python3.11/threading.py", {st_mode=S_IFREG|0644, st_size=58231, ...}, 0) = 0
20    openat(AT_FDCWD, "/usr/local/lib/python3.11/__pycache__/threading.cpython-311.pyc", O_RDONLY|O_CLOEXEC) = 3
20    newfstatat(AT_FDCWD, "/workspace", {st_mode=S_IFDIR|0755, st_size=4096, ...}, 0) = 0
20    newfstatat(AT_FDCWD, "/usr/local/lib/python3.11", {st_mode=S_IFDIR|0755, st_size=4096, ...}, 0) = 0
20    newfstatat(AT_FDCWD, "/usr/local/lib/python3.11/_weakrefset.py", {st_mode=S_IFREG|0644, st_size=5893, ...}, 0) = 0
20    newfstatat(AT_FDCWD, "/usr/local/lib/python3.11/_weakrefset.py", {st_mode=S_IFREG|0644, st_size=5893, ...}, 0) = 0
20    openat(AT_FDCWD, "/usr/local/lib/python3.11/__pycache__/_weakrefset.cpython-311.pyc", O_RDONLY|O_CLOEXEC) = 3
20    newfstatat(AT_FDCWD, "/workspace", {st_mode=S_IFDIR|0755, st_size=4096, ...}, 0) = 0
20    newfstatat(AT_FDCWD, "/usr/local/lib/python3.11", {st_mode=S_IFDIR|0755, st_size=4096, ...}, 0) = 0
20    newfstatat(AT_FDCWD, "/usr/local/lib/python3.11/warnings.py", {st_mode=S_IFREG|0644, st_size=21110, ...}, 0) = 0
20    newfstatat(AT_FDCWD, "/usr/local/lib/python3.11/warnings.py", {st_mode=S_IFREG|0644, st_size=21110, ...}, 0) = 0
20    openat(AT_FDCWD, "/usr/local/lib/python3.11/__pycache__/warnings.cpython-311.pyc", O_RDONLY|O_CLOEXEC) = 3
20    newfstatat(AT_FDCWD, "/workspace", {st_mode=S_IFDIR|0755, st_size=4096, ...}, 0) = 0
20    newfstatat(AT_FDCWD, "/usr/local/lib/python3.11", {st_mode=S_IFDIR|0755, st_size=4096, ...}, 0) = 0
20    newfstatat(AT_FDCWD, "/usr/local/lib/python3.11/contextlib.py", {st_mode=S_IFREG|0644, st_size=27414, ...}, 0) = 0
20    newfstatat(AT_FDCWD, "/usr/local/lib/python3.11/contextlib.py", {st_mode=S_IFREG|0644, st_size=27414, ...}, 0) = 0
20    openat(AT_FDCWD, "/usr/local/lib/python3.11/__pycache__/contextlib.cpython-311.pyc", O_RDONLY|O_CLOEXEC) = 3
20    newfstatat(AT_FDCWD, "/workspace", {st_mode=S_IFDIR|0755, st_size=4096, ...}, 0) = 0
20    newfstatat(AT_FDCWD, "/usr/local/lib/python3.11", {st_mode=S_IFDIR|0755, st_size=4096, ...}, 0) = 0
20    newfstatat(AT_FDCWD, "/usr/local/lib/python3.11/lib-dynload", {st_mode=S_IFDIR|0755, st_size=4096, ...}, 0) = 0
20    newfstatat(AT_FDCWD, "/usr/local/lib/python3.11/lib-dynload/fcntl.cpython-311-x86_64-linux-gnu.so", {st_mode=S_IFREG|0755, st_size=22952, ...}, 0) = 0
20    openat(AT_FDCWD, "/usr/local/lib/python3.11/lib-dynload/fcntl.cpython-311-x86_64-linux-gnu.so", O_RDONLY|O_CLOEXEC) = 3
20    newfstatat(AT_FDCWD, "/workspace", {st_mode=S_IFDIR|0755, st_size=4096, ...}, 0) = 0
20    newfstatat(AT_FDCWD, "/usr/local/lib/python3.11", {st_mode=S_IFDIR|0755, st_size=4096, ...}, 0) = 0
20    newfstatat(AT_FDCWD, "/usr/local/lib/python3.11/lib-dynload", {st_mode=S_IFDIR|0755, st_size=4096, ...}, 0) = 0
20    newfstatat(AT_FDCWD, "/usr/local/lib/python3.11/site-packages", {st_mode=S_IFDIR|0755, st_size=4096, ...}, 0) = 0
20    newfstatat(AT_FDCWD, "/workspace", {st_mode=S_IFDIR|0755, st_size=4096, ...}, 0) = 0
20    newfstatat(AT_FDCWD, "/workspace", {st_mode=S_IFDIR|0755, st_size=4096, ...}, 0) = 0
20    newfstatat(AT_FDCWD, "/usr/local/lib/python3.11", {st_mode=S_IFDIR|0755, st_size=4096, ...}, 0) = 0
20    newfstatat(AT_FDCWD, "/usr/local/lib/python3.11/lib-dynload", {st_mode=S_IFDIR|0755, st_size=4096, ...}, 0) = 0
20    newfstatat(AT_FDCWD, "/usr/local/lib/python3.11/lib-dynload/_posixsubprocess.cpython-311-x86_64-linux-gnu.so", {st_mode=S_IFREG|0755, st_size=27208, ...}, 0) = 0
20    openat(AT_FDCWD, "/usr/local/lib/python3.11/lib-dynload/_posixsubprocess.cpython-311-x86_64-linux-gnu.so", O_RDONLY|O_CLOEXEC) = 3
20    newfstatat(AT_FDCWD, "/workspace", {st_mode=S_IFDIR|0755, st_size=4096, ...}, 0) = 0
20    newfstatat(AT_FDCWD, "/usr/local/lib/python3.11", {st_mode=S_IFDIR|0755, st_size=4096, ...}, 0) = 0
20    newfstatat(AT_FDCWD, "/usr/local/lib/python3.11/lib-dynload", {st_mode=S_IFDIR|0755, st_size=4096, ...}, 0) = 0
20    newfstatat(AT_FDCWD, "/usr/local/lib/python3.11/lib-dynload/select.cpython-311-x86_64-linux-gnu.so", {st_mode=S_IFREG|0755, st_size=32576, ...}, 0) = 0
20    openat(AT_FDCWD, "/usr/local/lib/python3.11/lib-dynload/select.cpython-311-x86_64-linux-gnu.so", O_RDONLY|O_CLOEXEC) = 3
20    newfstatat(AT_FDCWD, "/workspace", {st_mode=S_IFDIR|0755, st_size=4096, ...}, 0) = 0
20    newfstatat(AT_FDCWD, "/usr/local/lib/python3.11", {st_mode=S_IFDIR|0755, st_size=4096, ...}, 0) = 0
20    newfstatat(AT_FDCWD, "/usr/local/lib/python3.11/selectors.py", {st_mode=S_IFREG|0644, st_size=19671, ...}, 0) = 0
20    newfstatat(AT_FDCWD, "/usr/local/lib/python3.11/selectors.py", {st_mode=S_IFREG|0644, st_size=19671, ...}, 0) = 0
20    openat(AT_FDCWD, "/usr/local/lib/python3.11/__pycache__/selectors.cpython-311.pyc", O_RDONLY|O_CLOEXEC) = 3
20    newfstatat(AT_FDCWD, "/usr/local/lib/python3.11/collections", {st_mode=S_IFDIR|0755, st_size=4096, ...}, 0) = 0
20    newfstatat(AT_FDCWD, "/usr/local/lib/python3.11/collections", {st_mode=S_IFDIR|0755, st_size=4096, ...}, 0) = 0
20    newfstatat(AT_FDCWD, "/usr/local/lib/python3.11/collections", {st_mode=S_IFDIR|0755, st_size=4096, ...}, 0) = 0
20    openat(AT_FDCWD, "/usr/local/lib/python3.11/collections", O_RDONLY|O_NONBLOCK|O_CLOEXEC|O_DIRECTORY) = 3
20    newfstatat(AT_FDCWD, "/usr/local/lib/python3.11/collections/abc.py", {st_mode=S_IFREG|0644, st_size=119, ...}, 0) = 0
20    newfstatat(AT_FDCWD, "/usr/local/lib/python3.11/collections/abc.py", {st_mode=S_IFREG|0644, st_size=119, ...}, 0) = 0
20    openat(AT_FDCWD, "/usr/local/lib/python3.11/collections/__pycache__/abc.cpython-311.pyc", O_RDONLY|O_CLOEXEC) = 3
20    newfstatat(AT_FDCWD, "/workspace", {st_mode=S_IFDIR|0755, st_size=4096, ...}, 0) = 0
20    newfstatat(AT_FDCWD, "/usr/local/lib/python3.11", {st_mode=S_IFDIR|0755, st_size=4096, ...}, 0) = 0
20    newfstatat(AT_FDCWD, "/usr/local/lib/python3.11/lib-dynload", {st_mode=S_IFDIR|0755, st_size=4096, ...}, 0) = 0
20    newfstatat(AT_FDCWD, "/usr/local/lib/python3.11/lib-dynload/math.cpython-311-x86_64-linux-gnu.so", {st_mode=S_IFREG|0755, st_size=62096, ...}, 0) = 0
20    openat(AT_FDCWD, "/usr/local/lib/python3.11/lib-dynload/math.cpython-311-x86_64-linux-gnu.so", O_RDONLY|O_CLOEXEC) = 3
20    newfstatat(AT_FDCWD, "/workspace", {st_mode=S_IFDIR|0755, st_size=4096, ...}, 0) = 0
20    newfstatat(AT_FDCWD, "/usr/local/lib/python3.11", {st_mode=S_IFDIR|0755, st_size=4096, ...}, 0) = 0
20    newfstatat(AT_FDCWD, "/usr/local/lib/python3.11/json/__init__.cpython-311-x86_64-linux-gnu.so", 0x7ffe0b5e50a0, 0) = -1 ENOENT (No such file or directory)
20    newfstatat(AT_FDCWD, "/usr/local/lib/python3.11/json/__init__.abi3.so", 0x7ffe0b5e50a0, 0) = -1 ENOENT (No such file or directory)
20    newfstatat(AT_FDCWD, "/usr/local/lib/python3.11/json/__init__.so", 0x7ffe0b5e50a0, 0) = -1 ENOENT (No such file or directory)
20    newfstatat(AT_FDCWD, "/usr/local/lib/python3.11/json/__init__.py", {st_mode=S_IFREG|0644, st_size=14020, ...}, 0) = 0
20    newfstatat(AT_FDCWD, "/usr/local/lib/python3.11/json/__init__.py", {st_mode=S_IFREG|0644, st_size=14020, ...}, 0) = 0
20    openat(AT_FDCWD, "/usr/local/lib/python3.11/json/__pycache__/__init__.cpython-311.pyc", O_RDONLY|O_CLOEXEC) = 3
20    newfstatat(AT_FDCWD, "/usr/local/lib/python3.11/json", {st_mode=S_IFDIR|0755, st_size=4096, ...}, 0) = 0
20    newfstatat(AT_FDCWD, "/usr/local/lib/python3.11/json", {st_mode=S_IFDIR|0755, st_size=4096, ...}, 0) = 0
20    newfstatat(AT_FDCWD, "/usr/local/lib/python3.11/json", {st_mode=S_IFDIR|0755, st_size=4096, ...}, 0) = 0
20    openat(AT_FDCWD, "/usr/local/lib/python3.11/json", O_RDONLY|O_NONBLOCK|O_CLOEXEC|O_DIRECTORY) = 3
20    newfstatat(AT_FDCWD, "/usr/local/lib/python3.11/json/decoder.py", {st_mode=S_IFREG|0644, st_size=12473, ...}, 0) = 0
20    newfstatat(AT_FDCWD, "/usr/local/lib/python3.11/json/decoder.py", {st_mode=S_IFREG|0644, st_size=12473, ...}, 0) = 0
20    openat(AT_FDCWD, "/usr/local/lib/python3.11/json/__pycache__/decoder.cpython-311.pyc", O_RDONLY|O_CLOEXEC) = 3
20    newfstatat(AT_FDCWD, "/usr/local/lib/python3.11/json", {st_mode=S_IFDIR|0755, st_size=4096, ...}, 0) = 0
20    newfstatat(AT_FDCWD, "/usr/local/lib/python3.11/json/scanner.py", {st_mode=S_IFREG|0644, st_size=2425, ...}, 0) = 0
20    newfstatat(AT_FDCWD, "/usr/local/lib/python3.11/json/scanner.py", {st_mode=S_IFREG|0644, st_size=2425, ...}, 0) = 0
20    openat(AT_FDCWD, "/usr/local/lib/python3.11/json/__pycache__/scanner.cpython-311.pyc", O_RDONLY|O_CLOEXEC) = 3
20    newfstatat(AT_FDCWD, "/workspace", {st_mode=S_IFDIR|0755, st_size=4096, ...}, 0) = 0
20    newfstatat(AT_FDCWD, "/usr/local/lib/python3.11", {st_mode=S_IFDIR|0755, st_size=4096, ...}, 0) = 0
20    newfstatat(AT_FDCWD, "/usr/local/lib/python3.11/lib-dynload", {st_mode=S_IFDIR|0755, st_size=4096, ...}, 0) = 0
20    newfstatat(AT_FDCWD, "/usr/local/lib/python3.11/lib-dynload/_json.cpython-311-x86_64-linux-gnu.so", {st_mode=S_IFREG|0755, st_size=45024, ...}, 0) = 0
20    openat(AT_FDCWD, "/usr/local/lib/python3.11/lib-dynload/_json.cpython-311-x86_64-linux-gnu.so", O_RDONLY|O_CLOEXEC) = 3
20    newfstatat(AT_FDCWD, "/usr/local/lib/python3.11/json", {st_mode=S_IFDIR|0755, st_size=4096, ...}, 0) = 0
20    newfstatat(AT_FDCWD, "/usr/local/lib/python3.11/json/encoder.py", {st_mode=S_IFREG|0644, st_size=16070, ...}, 0) = 0
20    newfstatat(AT_FDCWD, "/usr/local/lib/python3.11/json/encoder.py", {st_mode=S_IFREG|0644, st_size=16070, ...}, 0) = 0
20    openat(AT_FDCWD, "/usr/local/lib/python3.11/json/__pycache__/encoder.cpython-311.pyc", O_RDONLY|O_CLOEXEC) = 3
20    newfstatat(AT_FDCWD, "/workspace", {st_mode=S_IFDIR|0755, st_size=4096, ...}, 0) = 0
20    newfstatat(AT_FDCWD, "/usr/local/lib/python3.11", {st_mode=S_IFDIR|0755, st_size=4096, ...}, 0) = 0
20    newfstatat(AT_FDCWD, "/usr/local/lib/python3.11/glob.py", {st_mode=S_IFREG|0644, st_size=8732, ...}, 0) = 0
20    newfstatat(AT_FDCWD, "/usr/local/lib/python3.11/glob.py", {st_mode=S_IFREG|0644, st_size=8732, ...}, 0) = 0
20    openat(AT_FDCWD, "/usr/local/lib/python3.11/__pycache__/glob.cpython-311.pyc", O_RDONLY|O_CLOEXEC) = 3
20    newfstatat(AT_FDCWD, "/workspace", {st_mode=S_IFDIR|0755, st_size=4096, ...}, 0) = 0
20    newfstatat(AT_FDCWD, "/usr/local/lib/python3.11", {st_mode=S_IFDIR|0755, st_size=4096, ...}, 0) = 0
20    newfstatat(AT_FDCWD, "/usr/local/lib/python3.11/fnmatch.py", {st_mode=S_IFREG|0644, st_size=5999, ...}, 0) = 0
20    newfstatat(AT_FDCWD, "/usr/local/lib/python3.11/fnmatch.py", {st_mode=S_IFREG|0644, st_size=5999, ...}, 0) = 0
20    openat(AT_FDCWD, "/usr/local/lib/python3.11/__pycache__/fnmatch.cpython-311.pyc", O_RDONLY|O_CLOEXEC) = 3
20    newfstatat(AT_FDCWD, "/workspace/benchmark/apps", {st_mode=S_IFDIR|0775, st_size=4096, ...}, 0) = 0
20    openat(AT_FDCWD, "/workspace/benchmark/chains/express_amount_trust/chain.json", O_RDONLY|O_CLOEXEC) = 3
20    openat(AT_FDCWD, "/workspace/benchmark/apps", O_RDONLY|O_NONBLOCK|O_CLOEXEC|O_DIRECTORY) = 3
20    openat(AT_FDCWD, "/workspace/benchmark/apps", O_RDONLY|O_NONBLOCK|O_CLOEXEC|O_DIRECTORY) = 3
20    newfstatat(AT_FDCWD, "/workspace/benchmark/apps/task_amsgames_laravel_shop__catalog_and_cart", {st_mode=S_IFDIR|0775, st_size=4096, ...}, 0) = 0
20    newfstatat(AT_FDCWD, "/workspace/benchmark/apps/task_hagopj13_node_express_boilerplate__users", {st_mode=S_IFDIR|S_ISGID|0755, st_size=4096, ...}, 0) = 0
20    newfstatat(AT_FDCWD, "/workspace/benchmark/apps/task_dailycodebuffer_spring_mvc_tutorials__book_catalog", {st_mode=S_IFDIR|S_ISGID|0755, st_size=4096, ...}, 0) = 0
20    newfstatat(AT_FDCWD, "/workspace/benchmark/apps/task_attacomsian_code_examples__file_upload_apis", {st_mode=S_IFDIR|0775, st_size=4096, ...}, 0) = 0
20    newfstatat(AT_FDCWD, "/workspace/benchmark/apps/task_ankur_anand_simple_sso__sso_server", {st_mode=S_IFDIR|S_ISGID|0755, st_size=4096, ...}, 0) = 0
20    newfstatat(AT_FDCWD, "/workspace/benchmark/apps/task_stripe_samples_accept_a_payment__payment_lifecycle", {st_mode=S_IFDIR|0775, st_size=4096, ...}, 0) = 0
20    newfstatat(AT_FDCWD, "/workspace/benchmark/apps/task_izghua_go_blog__console_authentication", {st_mode=S_IFDIR|S_ISGID|0755, st_size=4096, ...}, 0) = 0
20    newfstatat(AT_FDCWD, "/workspace/benchmark/apps/task_haozhang95_python24__cart_apis", {st_mode=S_IFDIR|0775, st_size=4096, ...}, 0) = 0
20    newfstatat(AT_FDCWD, "/workspace/benchmark/apps/task_swaggo_swag__accounts", {st_mode=S_IFDIR|S_ISGID|0755, st_size=4096, ...}, 0) = 0
20    newfstatat(AT_FDCWD, "/workspace/benchmark/apps/task_nhost_hasura_auth__authentication", {st_mode=S_IFDIR|S_ISGID|0755, st_size=4096, ...}, 0) = 0
20    newfstatat(AT_FDCWD, "/workspace/benchmark/apps/.gitignore", {st_mode=S_IFREG|0664, st_size=187, ...}, 0) = 0
20    openat(AT_FDCWD, "/workspace/benchmark/apps", O_RDONLY|O_NONBLOCK|O_CLOEXEC|O_DIRECTORY) = 3
20    newfstatat(AT_FDCWD, "/workspace/benchmark/apps/task_amsgames_laravel_shop__catalog_and_cart", {st_mode=S_IFDIR|0775, st_size=4096, ...}, 0) = 0
20    openat(AT_FDCWD, "/workspace/benchmark/apps/task_amsgames_laravel_shop__catalog_and_cart", O_RDONLY|O_NONBLOCK|O_CLOEXEC|O_DIRECTORY) = 3
20    newfstatat(AT_FDCWD, "/workspace/benchmark/apps/task_amsgames_laravel_shop__catalog_and_cart/Dockerfile", {st_mode=S_IFREG|0644, st_size=153, ...}, 0) = 0
20    newfstatat(AT_FDCWD, "/workspace/benchmark/apps/task_amsgames_laravel_shop__catalog_and_cart/task.yaml", {st_mode=S_IFREG|0644, st_size=3038, ...}, 0) = 0
20    newfstatat(AT_FDCWD, "/workspace/benchmark/apps/task_amsgames_laravel_shop__catalog_and_cart/run-tests.sh", {st_mode=S_IFREG|0755, st_size=4744, ...}, 0) = 0
20    newfstatat(AT_FDCWD, "/workspace/benchmark/apps/task_amsgames_laravel_shop__catalog_and_cart/amsgames_laravel-shop", {st_mode=S_IFDIR|0775, st_size=4096, ...}, 0) = 0
20    newfstatat(AT_FDCWD, "/workspace/benchmark/apps/task_amsgames_laravel_shop__catalog_and_cart/tests", {st_mode=S_IFDIR|S_ISGID|0755, st_size=4096, ...}, 0) = 0
20    newfstatat(AT_FDCWD, "/workspace/benchmark/apps/task_amsgames_laravel_shop__catalog_and_cart/solution.sh", {st_mode=S_IFREG|0755, st_size=13, ...}, 0) = 0
20    newfstatat(AT_FDCWD, "/workspace/benchmark/apps/task_amsgames_laravel_shop__catalog_and_cart/docker-compose.yaml", {st_mode=S_IFREG|0644, st_size=514, ...}, 0) = 0
20    newfstatat(AT_FDCWD, "/workspace/benchmark/apps/task_hagopj13_node_express_boilerplate__users", {st_mode=S_IFDIR|S_ISGID|0755, st_size=4096, ...}, 0) = 0
20    openat(AT_FDCWD, "/workspace/benchmark/apps/task_hagopj13_node_express_boilerplate__users", O_RDONLY|O_NONBLOCK|O_CLOEXEC|O_DIRECTORY) = 3
20    newfstatat(AT_FDCWD, "/workspace/benchmark/apps/task_hagopj13_node_express_boilerplate__users/Dockerfile", {st_mode=S_IFREG|0644, st_size=177, ...}, 0) = 0
20    newfstatat(AT_FDCWD, "/workspace/benchmark/apps/task_hagopj13_node_express_boilerplate__users/task.yaml", {st_mode=S_IFREG|0644, st_size=2113, ...}, 0) = 0
20    newfstatat(AT_FDCWD, "/workspace/benchmark/apps/task_hagopj13_node_express_boilerplate__users/hagopj13_node-express-boilerplate", {st_mode=S_IFDIR|S_ISGID|0755, st_size=4096, ...}, 0) = 0
20    newfstatat(AT_FDCWD, "/workspace/benchmark/chains/express_amount_trust/golden_solution.sh", {st_mode=S_IFREG|0775, st_size=4639, ...}, 0) = 0
20    vfork( <unfinished ...>
21    chdir("/workspace/benchmark/apps/task_hagopj13_node_express_boilerplate__users/hagopj13_node-express-boilerplate") = 0
21    openat(AT_FDCWD, "/proc/self/fd", O_RDONLY|O_CLOEXEC) = 3
21    execve("/usr/local/bin/bash", ["bash", "/workspace/benchmark/chains/expr"...], 0x7ffe0b5e5be0 /* 9 vars */) = -1 ENOENT (No such file or directory)
21    execve("/usr/local/sbin/bash", ["bash", "/workspace/benchmark/chains/expr"...], 0x7ffe0b5e5be0 /* 9 vars */) = -1 ENOENT (No such file or directory)
21    execve("/usr/local/bin/bash", ["bash", "/workspace/benchmark/chains/expr"...], 0x7ffe0b5e5be0 /* 9 vars */) = -1 ENOENT (No such file or directory)
21    execve("/usr/sbin/bash", ["bash", "/workspace/benchmark/chains/expr"...], 0x7ffe0b5e5be0 /* 9 vars */) = -1 ENOENT (No such file or directory)
21    execve("/usr/bin/bash", ["bash", "/workspace/benchmark/chains/expr"...], 0x7ffe0b5e5be0 /* 9 vars */ <unfinished ...>
20    <... vfork resumed>)              = 21
21    <... execve resumed>)             = 0
21    access("/etc/ld.so.preload", R_OK) = -1 ENOENT (No such file or directory)
21    openat(AT_FDCWD, "/etc/ld.so.cache", O_RDONLY|O_CLOEXEC) = 3
21    openat(AT_FDCWD, "/lib/x86_64-linux-gnu/libtinfo.so.6", O_RDONLY|O_CLOEXEC) = 3
21    openat(AT_FDCWD, "/lib/x86_64-linux-gnu/libc.so.6", O_RDONLY|O_CLOEXEC) = 3
21    openat(AT_FDCWD, "/dev/tty", O_RDWR|O_NONBLOCK) = -1 ENXIO (No such device or address)
21    openat(AT_FDCWD, "/usr/lib/locale/locale-archive", O_RDONLY|O_CLOEXEC) = -1 ENOENT (No such file or directory)
21    openat(AT_FDCWD, "/usr/share/locale/locale.alias", O_RDONLY|O_CLOEXEC) = -1 ENOENT (No such file or directory)
21    openat(AT_FDCWD, "/usr/lib/locale/C.UTF-8/LC_IDENTIFICATION", O_RDONLY|O_CLOEXEC) = -1 ENOENT (No such file or directory)
21    openat(AT_FDCWD, "/usr/lib/locale/C.utf8/LC_IDENTIFICATION", O_RDONLY|O_CLOEXEC) = 3
21    openat(AT_FDCWD, "/usr/lib/x86_64-linux-gnu/gconv/gconv-modules.cache", O_RDONLY|O_CLOEXEC) = 3
21    openat(AT_FDCWD, "/usr/lib/locale/C.UTF-8/LC_MEASUREMENT", O_RDONLY|O_CLOEXEC) = -1 ENOENT (No such file or directory)
21    openat(AT_FDCWD, "/usr/lib/locale/C.utf8/LC_MEASUREMENT", O_RDONLY|O_CLOEXEC) = 3
21    openat(AT_FDCWD, "/usr/lib/locale/C.UTF-8/LC_TELEPHONE", O_RDONLY|O_CLOEXEC) = -1 ENOENT (No such file or directory)
21    openat(AT_FDCWD, "/usr/lib/locale/C.utf8/LC_TELEPHONE", O_RDONLY|O_CLOEXEC) = 3
21    openat(AT_FDCWD, "/usr/lib/locale/C.UTF-8/LC_ADDRESS", O_RDONLY|O_CLOEXEC) = -1 ENOENT (No such file or directory)
21    openat(AT_FDCWD, "/usr/lib/locale/C.utf8/LC_ADDRESS", O_RDONLY|O_CLOEXEC) = 3
21    openat(AT_FDCWD, "/usr/lib/locale/C.UTF-8/LC_NAME", O_RDONLY|O_CLOEXEC) = -1 ENOENT (No such file or directory)
21    openat(AT_FDCWD, "/usr/lib/locale/C.utf8/LC_NAME", O_RDONLY|O_CLOEXEC) = 3
21    openat(AT_FDCWD, "/usr/lib/locale/C.UTF-8/LC_PAPER", O_RDONLY|O_CLOEXEC) = -1 ENOENT (No such file or directory)
21    openat(AT_FDCWD, "/usr/lib/locale/C.utf8/LC_PAPER", O_RDONLY|O_CLOEXEC) = 3
21    openat(AT_FDCWD, "/usr/lib/locale/C.UTF-8/LC_MESSAGES", O_RDONLY|O_CLOEXEC) = -1 ENOENT (No such file or directory)
21    openat(AT_FDCWD, "/usr/lib/locale/C.utf8/LC_MESSAGES", O_RDONLY|O_CLOEXEC) = 3
21    openat(AT_FDCWD, "/usr/lib/locale/C.utf8/LC_MESSAGES/SYS_LC_MESSAGES", O_RDONLY|O_CLOEXEC) = 3
21    openat(AT_FDCWD, "/usr/lib/locale/C.UTF-8/LC_MONETARY", O_RDONLY|O_CLOEXEC) = -1 ENOENT (No such file or directory)
21    openat(AT_FDCWD, "/usr/lib/locale/C.utf8/LC_MONETARY", O_RDONLY|O_CLOEXEC) = 3
21    openat(AT_FDCWD, "/usr/lib/locale/C.UTF-8/LC_COLLATE", O_RDONLY|O_CLOEXEC) = -1 ENOENT (No such file or directory)
21    openat(AT_FDCWD, "/usr/lib/locale/C.utf8/LC_COLLATE", O_RDONLY|O_CLOEXEC) = 3
21    openat(AT_FDCWD, "/usr/lib/locale/C.UTF-8/LC_TIME", O_RDONLY|O_CLOEXEC) = -1 ENOENT (No such file or directory)
21    openat(AT_FDCWD, "/usr/lib/locale/C.utf8/LC_TIME", O_RDONLY|O_CLOEXEC) = 3
21    openat(AT_FDCWD, "/usr/lib/locale/C.UTF-8/LC_NUMERIC", O_RDONLY|O_CLOEXEC) = -1 ENOENT (No such file or directory)
21    openat(AT_FDCWD, "/usr/lib/locale/C.utf8/LC_NUMERIC", O_RDONLY|O_CLOEXEC) = 3
21    openat(AT_FDCWD, "/usr/lib/locale/C.UTF-8/LC_CTYPE", O_RDONLY|O_CLOEXEC) = -1 ENOENT (No such file or directory)
21    openat(AT_FDCWD, "/usr/lib/locale/C.utf8/LC_CTYPE", O_RDONLY|O_CLOEXEC) = 3
21    newfstatat(AT_FDCWD, "/workspace", {st_mode=S_IFDIR|0755, st_size=4096, ...}, 0) = 0
21    newfstatat(AT_FDCWD, ".", {st_mode=S_IFDIR|S_ISGID|0755, st_size=4096, ...}, 0) = 0
21    getcwd("/workspace/benchmark/apps/task_hagopj13_node_express_boilerplate__users/hagopj13_node-express-boilerplate", 4096) = 106
21    newfstatat(AT_FDCWD, ".", {st_mode=S_IFDIR|S_ISGID|0755, st_size=4096, ...}, 0) = 0
21    newfstatat(AT_FDCWD, "/usr/local/bin/bash", 0x7ffe6ae560e0, 0) = -1 ENOENT (No such file or directory)
21    newfstatat(AT_FDCWD, "/usr/local/sbin/bash", 0x7ffe6ae560e0, 0) = -1 ENOENT (No such file or directory)
21    newfstatat(AT_FDCWD, "/usr/local/bin/bash", 0x7ffe6ae560e0, 0) = -1 ENOENT (No such file or directory)
21    newfstatat(AT_FDCWD, "/usr/sbin/bash", 0x7ffe6ae560e0, 0) = -1 ENOENT (No such file or directory)
21    newfstatat(AT_FDCWD, "/usr/bin/bash", {st_mode=S_IFREG|0755, st_size=1298416, ...}, 0) = 0
21    newfstatat(AT_FDCWD, "/usr/bin/bash", {st_mode=S_IFREG|0755, st_size=1298416, ...}, 0) = 0
21    access("/usr/bin/bash", X_OK)     = 0
21    newfstatat(AT_FDCWD, "/usr/bin/bash", {st_mode=S_IFREG|0755, st_size=1298416, ...}, 0) = 0
21    access("/usr/bin/bash", R_OK)     = 0
21    socket(AF_UNIX, SOCK_STREAM|SOCK_CLOEXEC|SOCK_NONBLOCK, 0) = 3
21    connect(3, {sa_family=AF_UNIX, sun_path="/var/run/nscd/socket"}, 110) = -1 ENOENT (No such file or directory)
21    socket(AF_UNIX, SOCK_STREAM|SOCK_CLOEXEC|SOCK_NONBLOCK, 0) = 3
21    connect(3, {sa_family=AF_UNIX, sun_path="/var/run/nscd/socket"}, 110) = -1 ENOENT (No such file or directory)
21    newfstatat(AT_FDCWD, "/etc/nsswitch.conf", {st_mode=S_IFREG|0644, st_size=494, ...}, 0) = 0
21    newfstatat(AT_FDCWD, "/", {st_mode=S_IFDIR|0755, st_size=4096, ...}, 0) = 0
21    openat(AT_FDCWD, "/etc/nsswitch.conf", O_RDONLY|O_CLOEXEC) = 3
21    openat(AT_FDCWD, "/etc/passwd", O_RDONLY|O_CLOEXEC) = 3
21    openat(AT_FDCWD, "/workspace/benchmark/chains/express_amount_trust/golden_solution.sh", O_RDONLY) = 3
21    newfstatat(AT_FDCWD, "/workspace/benchmark/chains/express_amount_trust/golden_solution.sh", {st_mode=S_IFREG|0775, st_size=4639, ...}, 0) = 0
21    newfstatat(AT_FDCWD, "/workspace", {st_mode=S_IFDIR|0755, st_size=4096, ...}, 0) = 0
21    newfstatat(AT_FDCWD, "/workspace/benchmark", {st_mode=S_IFDIR|0775, st_size=4096, ...}, 0) = 0
21    newfstatat(AT_FDCWD, "/workspace/benchmark/apps", {st_mode=S_IFDIR|0775, st_size=4096, ...}, 0) = 0
21    newfstatat(AT_FDCWD, "/workspace/benchmark/apps/task_hagopj13_node_express_boilerplate__users", {st_mode=S_IFDIR|S_ISGID|0755, st_size=4096, ...}, 0) = 0
21    newfstatat(AT_FDCWD, "/workspace/benchmark/apps/task_hagopj13_node_express_boilerplate__users/hagopj13_node-express-boilerplate", {st_mode=S_IFDIR|S_ISGID|0755, st_size=4096, ...}, 0) = 0
21    chdir("/workspace/benchmark/apps/task_hagopj13_node_express_boilerplate__users/hagopj13_node-express-boilerplate") = 0
21    newfstatat(AT_FDCWD, "Dockerfile", {st_mode=S_IFREG|0644, st_size=477, ...}, 0) = 0
21    newfstatat(AT_FDCWD, ".", {st_mode=S_IFDIR|S_ISGID|0755, st_size=4096, ...}, 0) = 0
21    newfstatat(AT_FDCWD, "/usr/local/bin/sed", 0x7ffe6ae55cd0, 0) = -1 ENOENT (No such file or directory)
21    newfstatat(AT_FDCWD, "/usr/local/sbin/sed", 0x7ffe6ae55cd0, 0) = -1 ENOENT (No such file or directory)
21    newfstatat(AT_FDCWD, "/usr/local/bin/sed", 0x7ffe6ae55cd0, 0) = -1 ENOENT (No such file or directory)
21    newfstatat(AT_FDCWD, "/usr/sbin/sed", 0x7ffe6ae55cd0, 0) = -1 ENOENT (No such file or directory)
21    newfstatat(AT_FDCWD, "/usr/bin/sed", {st_mode=S_IFREG|0755, st_size=130520, ...}, 0) = 0
21    newfstatat(AT_FDCWD, "/usr/bin/sed", {st_mode=S_IFREG|0755, st_size=130520, ...}, 0) = 0
21    access("/usr/bin/sed", X_OK)      = 0
21    newfstatat(AT_FDCWD, "/usr/bin/sed", {st_mode=S_IFREG|0755, st_size=130520, ...}, 0) = 0
21    access("/usr/bin/sed", R_OK)      = 0
21    clone(child_stack=NULL, flags=CLONE_CHILD_CLEARTID|CLONE_CHILD_SETTID|SIGCHLD, child_tidptr=0x7f08b48c5e50) = 22
21    wait4(-1,  <unfinished ...>
22    openat(AT_FDCWD, "/dev/null", O_WRONLY|O_CREAT|O_TRUNC, 0666) = 3
22    execve("/usr/bin/sed", ["sed", "-i.bak", "s/--frozen-lockfile//", "Dockerfile"], 0x556244ffd3a0 /* 12 vars */) = 0
22    access("/etc/ld.so.preload", R_OK) = -1 ENOENT (No such file or directory)
22    openat(AT_FDCWD, "/etc/ld.so.cache", O_RDONLY|O_CLOEXEC) = 3
22    openat(AT_FDCWD, "/lib/x86_64-linux-gnu/libacl.so.1", O_RDONLY|O_CLOEXEC) = 3
22    openat(AT_FDCWD, "/lib/x86_64-linux-gnu/libselinux.so.1", O_RDONLY|O_CLOEXEC) = 3
22    openat(AT_FDCWD, "/lib/x86_64-linux-gnu/libc.so.6", O_RDONLY|O_CLOEXEC) = 3
22    openat(AT_FDCWD, "/lib/x86_64-linux-gnu/libpcre2-8.so.0", O_RDONLY|O_CLOEXEC) = 3
22    statfs("/sys/fs/selinux", 0x7ffe13bab480) = -1 ENOENT (No such file or directory)
22    statfs("/selinux", 0x7ffe13bab480) = -1 ENOENT (No such file or directory)
22    openat(AT_FDCWD, "/proc/filesystems", O_RDONLY|O_CLOEXEC) = 3
22    access("/etc/selinux/config", F_OK) = -1 ENOENT (No such file or directory)
22    openat(AT_FDCWD, "/usr/lib/locale/locale-archive", O_RDONLY|O_CLOEXEC) = -1 ENOENT (No such file or directory)
22    openat(AT_FDCWD, "/usr/share/locale/locale.alias", O_RDONLY|O_CLOEXEC) = -1 ENOENT (No such file or directory)
22    openat(AT_FDCWD, "/usr/lib/locale/C.UTF-8/LC_IDENTIFICATION", O_RDONLY|O_CLOEXEC) = -1 ENOENT (No such file or directory)
22    openat(AT_FDCWD, "/usr/lib/locale/C.utf8/LC_IDENTIFICATION", O_RDONLY|O_CLOEXEC) = 3
22    openat(AT_FDCWD, "/usr/lib/x86_64-linux-gnu/gconv/gconv-modules.cache", O_RDONLY|O_CLOEXEC) = 3
22    openat(AT_FDCWD, "/usr/lib/locale/C.UTF-8/LC_MEASUREMENT", O_RDONLY|O_CLOEXEC) = -1 ENOENT (No such file or directory)
22    openat(AT_FDCWD, "/usr/lib/locale/C.utf8/LC_MEASUREMENT", O_RDONLY|O_CLOEXEC) = 3
22    openat(AT_FDCWD, "/usr/lib/locale/C.UTF-8/LC_TELEPHONE", O_RDONLY|O_CLOEXEC) = -1 ENOENT (No such file or directory)
22    openat(AT_FDCWD, "/usr/lib/locale/C.utf8/LC_TELEPHONE", O_RDONLY|O_CLOEXEC) = 3
22    openat(AT_FDCWD, "/usr/lib/locale/C.UTF-8/LC_ADDRESS", O_RDONLY|O_CLOEXEC) = -1 ENOENT (No such file or directory)
22    openat(AT_FDCWD, "/usr/lib/locale/C.utf8/LC_ADDRESS", O_RDONLY|O_CLOEXEC) = 3
22    openat(AT_FDCWD, "/usr/lib/locale/C.UTF-8/LC_NAME", O_RDONLY|O_CLOEXEC) = -1 ENOENT (No such file or directory)
22    openat(AT_FDCWD, "/usr/lib/locale/C.utf8/LC_NAME", O_RDONLY|O_CLOEXEC) = 3
22    openat(AT_FDCWD, "/usr/lib/locale/C.UTF-8/LC_PAPER", O_RDONLY|O_CLOEXEC) = -1 ENOENT (No such file or directory)
22    openat(AT_FDCWD, "/usr/lib/locale/C.utf8/LC_PAPER", O_RDONLY|O_CLOEXEC) = 3
22    openat(AT_FDCWD, "/usr/lib/locale/C.UTF-8/LC_MESSAGES", O_RDONLY|O_CLOEXEC) = -1 ENOENT (No such file or directory)
22    openat(AT_FDCWD, "/usr/lib/locale/C.utf8/LC_MESSAGES", O_RDONLY|O_CLOEXEC) = 3
22    openat(AT_FDCWD, "/usr/lib/locale/C.utf8/LC_MESSAGES/SYS_LC_MESSAGES", O_RDONLY|O_CLOEXEC) = 3
22    openat(AT_FDCWD, "/usr/lib/locale/C.UTF-8/LC_MONETARY", O_RDONLY|O_CLOEXEC) = -1 ENOENT (No such file or directory)
22    openat(AT_FDCWD, "/usr/lib/locale/C.utf8/LC_MONETARY", O_RDONLY|O_CLOEXEC) = 3
22    openat(AT_FDCWD, "/usr/lib/locale/C.UTF-8/LC_COLLATE", O_RDONLY|O_CLOEXEC) = -1 ENOENT (No such file or directory)
22    openat(AT_FDCWD, "/usr/lib/locale/C.utf8/LC_COLLATE", O_RDONLY|O_CLOEXEC) = 3
22    openat(AT_FDCWD, "/usr/lib/locale/C.UTF-8/LC_TIME", O_RDONLY|O_CLOEXEC) = -1 ENOENT (No such file or directory)
22    openat(AT_FDCWD, "/usr/lib/locale/C.utf8/LC_TIME", O_RDONLY|O_CLOEXEC) = 3
22    openat(AT_FDCWD, "/usr/lib/locale/C.UTF-8/LC_NUMERIC", O_RDONLY|O_CLOEXEC) = -1 ENOENT (No such file or directory)
22    openat(AT_FDCWD, "/usr/lib/locale/C.utf8/LC_NUMERIC", O_RDONLY|O_CLOEXEC) = 3
22    openat(AT_FDCWD, "/usr/lib/locale/C.UTF-8/LC_CTYPE", O_RDONLY|O_CLOEXEC) = -1 ENOENT (No such file or directory)
22    openat(AT_FDCWD, "/usr/lib/locale/C.utf8/LC_CTYPE", O_RDONLY|O_CLOEXEC) = 3
22    openat(AT_FDCWD, "Dockerfile", O_RDONLY) = 3
22    openat(AT_FDCWD, "./sedch6JMC", O_RDWR|O_CREAT|O_EXCL, 0600) = 4
22    rename("Dockerfile", "Dockerfile.bak") = 0
22    rename("./sedch6JMC", "Dockerfile") = 0
22    exit_group(0)                     = ?
22    +++ exited with 0 +++
21    <... wait4 resumed>[{WIFEXITED(s) && WEXITSTATUS(s) == 0}], 0, NULL) = 22
21    --- SIGCHLD {si_signo=SIGCHLD, si_code=CLD_EXITED, si_pid=22, si_uid=0, si_status=0, si_utime=0, si_stime=0} ---
21    wait4(-1, 0x7ffe6ae55750, WNOHANG, NULL) = -1 ECHILD (No child processes)
21    newfstatat(AT_FDCWD, ".", {st_mode=S_IFDIR|S_ISGID|0755, st_size=4096, ...}, 0) = 0
21    newfstatat(AT_FDCWD, "/usr/local/bin/rm", 0x7ffe6ae55e70, 0) = -1 ENOENT (No such file or directory)
21    newfstatat(AT_FDCWD, "/usr/local/sbin/rm", 0x7ffe6ae55e70, 0) = -1 ENOENT (No such file or directory)
21    newfstatat(AT_FDCWD, "/usr/local/bin/rm", 0x7ffe6ae55e70, 0) = -1 ENOENT (No such file or directory)
21    newfstatat(AT_FDCWD, "/usr/sbin/rm", 0x7ffe6ae55e70, 0) = -1 ENOENT (No such file or directory)
21    newfstatat(AT_FDCWD, "/usr/bin/rm", {st_mode=S_IFREG|0755, st_size=76232, ...}, 0) = 0
21    newfstatat(AT_FDCWD, "/usr/bin/rm", {st_mode=S_IFREG|0755, st_size=76232, ...}, 0) = 0
21    access("/usr/bin/rm", X_OK)       = 0
21    newfstatat(AT_FDCWD, "/usr/bin/rm", {st_mode=S_IFREG|0755, st_size=76232, ...}, 0) = 0
21    access("/usr/bin/rm", R_OK)       = 0
21    clone(child_stack=NULL, flags=CLONE_CHILD_CLEARTID|CLONE_CHILD_SETTID|SIGCHLD, child_tidptr=0x7f08b48c5e50) = 23
21    wait4(-1,  <unfinished ...>
23    execve("/usr/bin/rm", ["rm", "-f", "Dockerfile.bak"], 0x556244ffd3a0 /* 12 vars */) = 0
23    access("/etc/ld.so.preload", R_OK) = -1 ENOENT (No such file or directory)
23    openat(AT_FDCWD, "/etc/ld.so.cache", O_RDONLY|O_CLOEXEC) = 3
23    openat(AT_FDCWD, "/lib/x86_64-linux-gnu/libc.so.6", O_RDONLY|O_CLOEXEC) = 3
23    openat(AT_FDCWD, "/usr/lib/locale/locale-archive", O_RDONLY|O_CLOEXEC) = -1 ENOENT (No such file or directory)
23    openat(AT_FDCWD, "/usr/share/locale/locale.alias", O_RDONLY|O_CLOEXEC) = -1 ENOENT (No such file or directory)
23    openat(AT_FDCWD, "/usr/lib/locale/C.UTF-8/LC_IDENTIFICATION", O_RDONLY|O_CLOEXEC) = -1 ENOENT (No such file or directory)
23    openat(AT_FDCWD, "/usr/lib/locale/C.utf8/LC_IDENTIFICATION", O_RDONLY|O_CLOEXEC) = 3
23    openat(AT_FDCWD, "/usr/lib/x86_64-linux-gnu/gconv/gconv-modules.cache", O_RDONLY|O_CLOEXEC) = 3
23    openat(AT_FDCWD, "/usr/lib/locale/C.UTF-8/LC_MEASUREMENT", O_RDONLY|O_CLOEXEC) = -1 ENOENT (No such file or directory)
23    openat(AT_FDCWD, "/usr/lib/locale/C.utf8/LC_MEASUREMENT", O_RDONLY|O_CLOEXEC) = 3
23    openat(AT_FDCWD, "/usr/lib/locale/C.UTF-8/LC_TELEPHONE", O_RDONLY|O_CLOEXEC) = -1 ENOENT (No such file or directory)
23    openat(AT_FDCWD, "/usr/lib/locale/C.utf8/LC_TELEPHONE", O_RDONLY|O_CLOEXEC) = 3
23    openat(AT_FDCWD, "/usr/lib/locale/C.UTF-8/LC_ADDRESS", O_RDONLY|O_CLOEXEC) = -1 ENOENT (No such file or directory)
23    openat(AT_FDCWD, "/usr/lib/locale/C.utf8/LC_ADDRESS", O_RDONLY|O_CLOEXEC) = 3
23    openat(AT_FDCWD, "/usr/lib/locale/C.UTF-8/LC_NAME", O_RDONLY|O_CLOEXEC) = -1 ENOENT (No such file or directory)
23    openat(AT_FDCWD, "/usr/lib/locale/C.utf8/LC_NAME", O_RDONLY|O_CLOEXEC) = 3
23    openat(AT_FDCWD, "/usr/lib/locale/C.UTF-8/LC_PAPER", O_RDONLY|O_CLOEXEC) = -1 ENOENT (No such file or directory)
23    openat(AT_FDCWD, "/usr/lib/locale/C.utf8/LC_PAPER", O_RDONLY|O_CLOEXEC) = 3
23    openat(AT_FDCWD, "/usr/lib/locale/C.UTF-8/LC_MESSAGES", O_RDONLY|O_CLOEXEC) = -1 ENOENT (No such file or directory)
23    openat(AT_FDCWD, "/usr/lib/locale/C.utf8/LC_MESSAGES", O_RDONLY|O_CLOEXEC) = 3
23    openat(AT_FDCWD, "/usr/lib/locale/C.utf8/LC_MESSAGES/SYS_LC_MESSAGES", O_RDONLY|O_CLOEXEC) = 3
23    openat(AT_FDCWD, "/usr/lib/locale/C.UTF-8/LC_MONETARY", O_RDONLY|O_CLOEXEC) = -1 ENOENT (No such file or directory)
23    openat(AT_FDCWD, "/usr/lib/locale/C.utf8/LC_MONETARY", O_RDONLY|O_CLOEXEC) = 3
23    openat(AT_FDCWD, "/usr/lib/locale/C.UTF-8/LC_COLLATE", O_RDONLY|O_CLOEXEC) = -1 ENOENT (No such file or directory)
23    openat(AT_FDCWD, "/usr/lib/locale/C.utf8/LC_COLLATE", O_RDONLY|O_CLOEXEC) = 3
23    openat(AT_FDCWD, "/usr/lib/locale/C.UTF-8/LC_TIME", O_RDONLY|O_CLOEXEC) = -1 ENOENT (No such file or directory)
23    openat(AT_FDCWD, "/usr/lib/locale/C.utf8/LC_TIME", O_RDONLY|O_CLOEXEC) = 3
23    openat(AT_FDCWD, "/usr/lib/locale/C.UTF-8/LC_NUMERIC", O_RDONLY|O_CLOEXEC) = -1 ENOENT (No such file or directory)
23    openat(AT_FDCWD, "/usr/lib/locale/C.utf8/LC_NUMERIC", O_RDONLY|O_CLOEXEC) = 3
23    openat(AT_FDCWD, "/usr/lib/locale/C.UTF-8/LC_CTYPE", O_RDONLY|O_CLOEXEC) = -1 ENOENT (No such file or directory)
23    openat(AT_FDCWD, "/usr/lib/locale/C.utf8/LC_CTYPE", O_RDONLY|O_CLOEXEC) = 3
23    newfstatat(AT_FDCWD, "Dockerfile.bak", {st_mode=S_IFREG|0644, st_size=477, ...}, AT_SYMLINK_NOFOLLOW) = 0
23    unlinkat(AT_FDCWD, "Dockerfile.bak", 0) = 0
23    exit_group(0)                     = ?
23    +++ exited with 0 +++
21    <... wait4 resumed>[{WIFEXITED(s) && WEXITSTATUS(s) == 0}], 0, NULL) = 23
21    --- SIGCHLD {si_signo=SIGCHLD, si_code=CLD_EXITED, si_pid=23, si_uid=0, si_status=0, si_utime=0, si_stime=0} ---
21    wait4(-1, 0x7ffe6ae55910, WNOHANG, NULL) = -1 ECHILD (No child processes)
21    newfstatat(AT_FDCWD, ".", {st_mode=S_IFDIR|S_ISGID|0755, st_size=4096, ...}, 0) = 0
21    newfstatat(AT_FDCWD, "/usr/local/bin/mkdir", 0x7ffe6ae560f0, 0) = -1 ENOENT (No such file or directory)
21    newfstatat(AT_FDCWD, "/usr/local/sbin/mkdir", 0x7ffe6ae560f0, 0) = -1 ENOENT (No such file or directory)
21    newfstatat(AT_FDCWD, "/usr/local/bin/mkdir", 0x7ffe6ae560f0, 0) = -1 ENOENT (No such file or directory)
21    newfstatat(AT_FDCWD, "/usr/sbin/mkdir", 0x7ffe6ae560f0, 0) = -1 ENOENT (No such file or directory)
21    newfstatat(AT_FDCWD, "/usr/bin/mkdir", {st_mode=S_IFREG|0755, st_size=88488, ...}, 0) = 0
21    newfstatat(AT_FDCWD, "/usr/bin/mkdir", {st_mode=S_IFREG|0755, st_size=88488, ...}, 0) = 0
21    access("/usr/bin/mkdir", X_OK)    = 0
21    newfstatat(AT_FDCWD, "/usr/bin/mkdir", {st_mode=S_IFREG|0755, st_size=88488, ...}, 0) = 0
21    access("/usr/bin/mkdir", R_OK)    = 0
21    clone(child_stack=NULL, flags=CLONE_CHILD_CLEARTID|CLONE_CHILD_SETTID|SIGCHLD, child_tidptr=0x7f08b48c5e50) = 24
21    wait4(-1,  <unfinished ...>
24    execve("/usr/bin/mkdir", ["mkdir", "-p", "hagopj13_node-express-boilerplat"...], 0x556244ffd3a0 /* 12 vars */) = 0
24    access("/etc/ld.so.preload", R_OK) = -1 ENOENT (No such file or directory)
24    openat(AT_FDCWD, "/etc/ld.so.cache", O_RDONLY|O_CLOEXEC) = 3
24    openat(AT_FDCWD, "/lib/x86_64-linux-gnu/libselinux.so.1", O_RDONLY|O_CLOEXEC) = 3
24    openat(AT_FDCWD, "/lib/x86_64-linux-gnu/libc.so.6", O_RDONLY|O_CLOEXEC) = 3
24    openat(AT_FDCWD, "/lib/x86_64-linux-gnu/libpcre2-8.so.0", O_RDONLY|O_CLOEXEC) = 3
24    statfs("/sys/fs/selinux", 0x7fff12e39bd0) = -1 ENOENT (No such file or directory)
24    statfs("/selinux", 0x7fff12e39bd0) = -1 ENOENT (No such file or directory)
24    openat(AT_FDCWD, "/proc/filesystems", O_RDONLY|O_CLOEXEC) = 3
24    access("/etc/selinux/config", F_OK) = -1 ENOENT (No such file or directory)
24    openat(AT_FDCWD, "/usr/lib/locale/locale-archive", O_RDONLY|O_CLOEXEC) = -1 ENOENT (No such file or directory)
24    openat(AT_FDCWD, "/usr/share/locale/locale.alias", O_RDONLY|O_CLOEXEC) = -1 ENOENT (No such file or directory)
24    openat(AT_FDCWD, "/usr/lib/locale/C.UTF-8/LC_IDENTIFICATION", O_RDONLY|O_CLOEXEC) = -1 ENOENT (No such file or directory)
24    openat(AT_FDCWD, "/usr/lib/locale/C.utf8/LC_IDENTIFICATION", O_RDONLY|O_CLOEXEC) = 3
24    openat(AT_FDCWD, "/usr/lib/x86_64-linux-gnu/gconv/gconv-modules.cache", O_RDONLY|O_CLOEXEC) = 3
24    openat(AT_FDCWD, "/usr/lib/locale/C.UTF-8/LC_MEASUREMENT", O_RDONLY|O_CLOEXEC) = -1 ENOENT (No such file or directory)
24    openat(AT_FDCWD, "/usr/lib/locale/C.utf8/LC_MEASUREMENT", O_RDONLY|O_CLOEXEC) = 3
24    openat(AT_FDCWD, "/usr/lib/locale/C.UTF-8/LC_TELEPHONE", O_RDONLY|O_CLOEXEC) = -1 ENOENT (No such file or directory)
24    openat(AT_FDCWD, "/usr/lib/locale/C.utf8/LC_TELEPHONE", O_RDONLY|O_CLOEXEC) = 3
24    openat(AT_FDCWD, "/usr/lib/locale/C.UTF-8/LC_ADDRESS", O_RDONLY|O_CLOEXEC) = -1 ENOENT (No such file or directory)
24    openat(AT_FDCWD, "/usr/lib/locale/C.utf8/LC_ADDRESS", O_RDONLY|O_CLOEXEC) = 3
24    openat(AT_FDCWD, "/usr/lib/locale/C.UTF-8/LC_NAME", O_RDONLY|O_CLOEXEC) = -1 ENOENT (No such file or directory)
24    openat(AT_FDCWD, "/usr/lib/locale/C.utf8/LC_NAME", O_RDONLY|O_CLOEXEC) = 3
24    openat(AT_FDCWD, "/usr/lib/locale/C.UTF-8/LC_PAPER", O_RDONLY|O_CLOEXEC) = -1 ENOENT (No such file or directory)
24    openat(AT_FDCWD, "/usr/lib/locale/C.utf8/LC_PAPER", O_RDONLY|O_CLOEXEC) = 3
24    openat(AT_FDCWD, "/usr/lib/locale/C.UTF-8/LC_MESSAGES", O_RDONLY|O_CLOEXEC) = -1 ENOENT (No such file or directory)
24    openat(AT_FDCWD, "/usr/lib/locale/C.utf8/LC_MESSAGES", O_RDONLY|O_CLOEXEC) = 3
24    openat(AT_FDCWD, "/usr/lib/locale/C.utf8/LC_MESSAGES/SYS_LC_MESSAGES", O_RDONLY|O_CLOEXEC) = 3
24    openat(AT_FDCWD, "/usr/lib/locale/C.UTF-8/LC_MONETARY", O_RDONLY|O_CLOEXEC) = -1 ENOENT (No such file or directory)
24    openat(AT_FDCWD, "/usr/lib/locale/C.utf8/LC_MONETARY", O_RDONLY|O_CLOEXEC) = 3
24    openat(AT_FDCWD, "/usr/lib/locale/C.UTF-8/LC_COLLATE", O_RDONLY|O_CLOEXEC) = -1 ENOENT (No such file or directory)
24    openat(AT_FDCWD, "/usr/lib/locale/C.utf8/LC_COLLATE", O_RDONLY|O_CLOEXEC) = 3
24    openat(AT_FDCWD, "/usr/lib/locale/C.UTF-8/LC_TIME", O_RDONLY|O_CLOEXEC) = -1 ENOENT (No such file or directory)
24    openat(AT_FDCWD, "/usr/lib/locale/C.utf8/LC_TIME", O_RDONLY|O_CLOEXEC) = 3
24    openat(AT_FDCWD, "/usr/lib/locale/C.UTF-8/LC_NUMERIC", O_RDONLY|O_CLOEXEC) = -1 ENOENT (No such file or directory)
24    openat(AT_FDCWD, "/usr/lib/locale/C.utf8/LC_NUMERIC", O_RDONLY|O_CLOEXEC) = 3
24    openat(AT_FDCWD, "/usr/lib/locale/C.UTF-8/LC_CTYPE", O_RDONLY|O_CLOEXEC) = -1 ENOENT (No such file or directory)
24    openat(AT_FDCWD, "/usr/lib/locale/C.utf8/LC_CTYPE", O_RDONLY|O_CLOEXEC) = 3
24    mkdir("hagopj13_node-express-boilerplate", 0777) = 0
24    openat(AT_FDCWD, "hagopj13_node-express-boilerplate", O_RDONLY|O_NOCTTY|O_NONBLOCK|O_NOFOLLOW|O_DIRECTORY) = 3
24    mkdir("src", 0777)                = 0
24    openat(AT_FDCWD, "src", O_RDONLY|O_NOCTTY|O_NONBLOCK|O_NOFOLLOW|O_DIRECTORY) = 3
24    mkdir("routes", 0777)             = 0
24    openat(AT_FDCWD, "routes", O_RDONLY|O_NOCTTY|O_NONBLOCK|O_NOFOLLOW|O_DIRECTORY) = 3
24    mkdir("v1", 0777)                 = 0
24    exit_group(0)                     = ?
24    +++ exited with 0 +++
21    <... wait4 resumed>[{WIFEXITED(s) && WEXITSTATUS(s) == 0}], 0, NULL) = 24
21    --- SIGCHLD {si_signo=SIGCHLD, si_code=CLD_EXITED, si_pid=24, si_uid=0, si_status=0, si_utime=0, si_stime=0} ---
21    wait4(-1, 0x7ffe6ae55b90, WNOHANG, NULL) = -1 ECHILD (No child processes)
21    newfstatat(AT_FDCWD, ".", {st_mode=S_IFDIR|S_ISGID|0755, st_size=4096, ...}, 0) = 0
21    newfstatat(AT_FDCWD, "/usr/local/bin/cat", 0x7ffe6ae560f0, 0) = -1 ENOENT (No such file or directory)
21    newfstatat(AT_FDCWD, "/usr/local/sbin/cat", 0x7ffe6ae560f0, 0) = -1 ENOENT (No such file or directory)
21    newfstatat(AT_FDCWD, "/usr/local/bin/cat", 0x7ffe6ae560f0, 0) = -1 ENOENT (No such file or directory)
21    newfstatat(AT_FDCWD, "/usr/sbin/cat", 0x7ffe6ae560f0, 0) = -1 ENOENT (No such file or directory)
21    newfstatat(AT_FDCWD, "/usr/bin/cat", {st_mode=S_IFREG|0755, st_size=47592, ...}, 0) = 0
21    newfstatat(AT_FDCWD, "/usr/bin/cat", {st_mode=S_IFREG|0755, st_size=47592, ...}, 0) = 0
21    access("/usr/bin/cat", X_OK)      = 0
21    newfstatat(AT_FDCWD, "/usr/bin/cat", {st_mode=S_IFREG|0755, st_size=47592, ...}, 0) = 0
21    access("/usr/bin/cat", R_OK)      = 0
21    clone(child_stack=NULL, flags=CLONE_CHILD_CLEARTID|CLONE_CHILD_SETTID|SIGCHLD, child_tidptr=0x7f08b48c5e50) = 25
21    wait4(-1,  <unfinished ...>
25    openat(AT_FDCWD, "hagopj13_node-express-boilerplate/src/routes/v1/order.route.js", O_WRONLY|O_CREAT|O_TRUNC, 0666) = 3
25    execve("/usr/bin/cat", ["cat"], 0x556244ffd3a0 /* 12 vars */) = 0
25    access("/etc/ld.so.preload", R_OK) = -1 ENOENT (No such file or directory)
25    openat(AT_FDCWD, "/etc/ld.so.cache", O_RDONLY|O_CLOEXEC) = 3
25    openat(AT_FDCWD, "/lib/x86_64-linux-gnu/libc.so.6", O_RDONLY|O_CLOEXEC) = 3
25    openat(AT_FDCWD, "/usr/lib/locale/locale-archive", O_RDONLY|O_CLOEXEC) = -1 ENOENT (No such file or directory)
25    openat(AT_FDCWD, "/usr/share/locale/locale.alias", O_RDONLY|O_CLOEXEC) = -1 ENOENT (No such file or directory)
25    openat(AT_FDCWD, "/usr/lib/locale/C.UTF-8/LC_IDENTIFICATION", O_RDONLY|O_CLOEXEC) = -1 ENOENT (No such file or directory)
25    openat(AT_FDCWD, "/usr/lib/locale/C.utf8/LC_IDENTIFICATION", O_RDONLY|O_CLOEXEC) = 3
25    openat(AT_FDCWD, "/usr/lib/x86_64-linux-gnu/gconv/gconv-modules.cache", O_RDONLY|O_CLOEXEC) = 3
25    openat(AT_FDCWD, "/usr/lib/locale/C.UTF-8/LC_MEASUREMENT", O_RDONLY|O_CLOEXEC) = -1 ENOENT (No such file or directory)
25    openat(AT_FDCWD, "/usr/lib/locale/C.utf8/LC_MEASUREMENT", O_RDONLY|O_CLOEXEC) = 3
25    openat(AT_FDCWD, "/usr/lib/locale/C.UTF-8/LC_TELEPHONE", O_RDONLY|O_CLOEXEC) = -1 ENOENT (No such file or directory)
25    openat(AT_FDCWD, "/usr/lib/locale/C.utf8/LC_TELEPHONE", O_RDONLY|O_CLOEXEC) = 3
25    openat(AT_FDCWD, "/usr/lib/locale/C.UTF-8/LC_ADDRESS", O_RDONLY|O_CLOEXEC) = -1 ENOENT (No such file or directory)
25    openat(AT_FDCWD, "/usr/lib/locale/C.utf8/LC_ADDRESS", O_RDONLY|O_CLOEXEC) = 3
25    openat(AT_FDCWD, "/usr/lib/locale/C.UTF-8/LC_NAME", O_RDONLY|O_CLOEXEC) = -1 ENOENT (No such file or directory)
25    openat(AT_FDCWD, "/usr/lib/locale/C.utf8/LC_NAME", O_RDONLY|O_CLOEXEC) = 3
25    openat(AT_FDCWD, "/usr/lib/locale/C.UTF-8/LC_PAPER", O_RDONLY|O_CLOEXEC) = -1 ENOENT (No such file or directory)
25    openat(AT_FDCWD, "/usr/lib/locale/C.utf8/LC_PAPER", O_RDONLY|O_CLOEXEC) = 3
25    openat(AT_FDCWD, "/usr/lib/locale/C.UTF-8/LC_MESSAGES", O_RDONLY|O_CLOEXEC) = -1 ENOENT (No such file or directory)
25    openat(AT_FDCWD, "/usr/lib/locale/C.utf8/LC_MESSAGES", O_RDONLY|O_CLOEXEC) = 3
25    openat(AT_FDCWD, "/usr/lib/locale/C.utf8/LC_MESSAGES/SYS_LC_MESSAGES", O_RDONLY|O_CLOEXEC) = 3
25    openat(AT_FDCWD, "/usr/lib/locale/C.UTF-8/LC_MONETARY", O_RDONLY|O_CLOEXEC) = -1 ENOENT (No such file or directory)
25    openat(AT_FDCWD, "/usr/lib/locale/C.utf8/LC_MONETARY", O_RDONLY|O_CLOEXEC) = 3
25    openat(AT_FDCWD, "/usr/lib/locale/C.UTF-8/LC_COLLATE", O_RDONLY|O_CLOEXEC) = -1 ENOENT (No such file or directory)
25    openat(AT_FDCWD, "/usr/lib/locale/C.utf8/LC_COLLATE", O_RDONLY|O_CLOEXEC) = 3
25    openat(AT_FDCWD, "/usr/lib/locale/C.UTF-8/LC_TIME", O_RDONLY|O_CLOEXEC) = -1 ENOENT (No such file or directory)
25    openat(AT_FDCWD, "/usr/lib/locale/C.utf8/LC_TIME", O_RDONLY|O_CLOEXEC) = 3
25    openat(AT_FDCWD, "/usr/lib/locale/C.UTF-8/LC_NUMERIC", O_RDONLY|O_CLOEXEC) = -1 ENOENT (No such file or directory)
25    openat(AT_FDCWD, "/usr/lib/locale/C.utf8/LC_NUMERIC", O_RDONLY|O_CLOEXEC) = 3
25    openat(AT_FDCWD, "/usr/lib/locale/C.UTF-8/LC_CTYPE", O_RDONLY|O_CLOEXEC) = -1 ENOENT (No such file or directory)
25    openat(AT_FDCWD, "/usr/lib/locale/C.utf8/LC_CTYPE", O_RDONLY|O_CLOEXEC) = 3
25    exit_group(0)                     = ?
25    +++ exited with 0 +++
21    <... wait4 resumed>[{WIFEXITED(s) && WEXITSTATUS(s) == 0}], 0, NULL) = 25
21    --- SIGCHLD {si_signo=SIGCHLD, si_code=CLD_EXITED, si_pid=25, si_uid=0, si_status=0, si_utime=0, si_stime=0} ---
21    wait4(-1, 0x7ffe6ae55b90, WNOHANG, NULL) = -1 ECHILD (No child processes)
21    newfstatat(AT_FDCWD, "hagopj13_node-express-boilerplate/src/routes/v1/index.js", 0x7ffe6ae56130, 0) = -1 ENOENT (No such file or directory)
21    exit_group(0)                     = ?
21    +++ exited with 0 +++
20    --- SIGCHLD {si_signo=SIGCHLD, si_code=CLD_EXITED, si_pid=21, si_uid=0, si_status=0, si_utime=0, si_stime=0} ---
20    wait4(21, [{WIFEXITED(s) && WEXITSTATUS(s) == 0}], 0, NULL) = 21
20    openat(AT_FDCWD, "/workspace/benchmark/chains/express_amount_trust", O_RDONLY|O_NONBLOCK|O_CLOEXEC|O_DIRECTORY) = 3
20    vfork( <unfinished ...>
26    chdir("/workspace/benchmark/apps/task_hagopj13_node_express_boilerplate__users/hagopj13_node-express-boilerplate") = 0
26    openat(AT_FDCWD, "/proc/self/fd", O_RDONLY|O_CLOEXEC) = 3
26    execve("/usr/local/bin/python3", ["python3", "/workspace/benchmark/chains/expr"...], 0x7ffe0b5e5be0 /* 9 vars */ <unfinished ...>
20    <... vfork resumed>)              = 26
26    <... execve resumed>)             = 0
26    readlinkat(AT_FDCWD, "/proc/self/exe", "/usr/local/bin/python3.11", 4096) = 25
26    access("/etc/ld.so.preload", R_OK) = -1 ENOENT (No such file or directory)
26    openat(AT_FDCWD, "/usr/local/bin/../lib/glibc-hwcaps/x86-64-v3/libpython3.11.so.1.0", O_RDONLY|O_CLOEXEC) = -1 ENOENT (No such file or directory)
26    newfstatat(AT_FDCWD, "/usr/local/bin/../lib/glibc-hwcaps/x86-64-v3/", 0x7ffc98f43120, 0) = -1 ENOENT (No such file or directory)
26    openat(AT_FDCWD, "/usr/local/bin/../lib/glibc-hwcaps/x86-64-v2/libpython3.11.so.1.0", O_RDONLY|O_CLOEXEC) = -1 ENOENT (No such file or directory)
26    newfstatat(AT_FDCWD, "/usr/local/bin/../lib/glibc-hwcaps/x86-64-v2/", 0x7ffc98f43120, 0) = -1 ENOENT (No such file or directory)
26    openat(AT_FDCWD, "/usr/local/bin/../lib/libpython3.11.so.1.0", O_RDONLY|O_CLOEXEC) = 3
26    openat(AT_FDCWD, "/usr/local/bin/../lib/libc.so.6", O_RDONLY|O_CLOEXEC) = -1 ENOENT (No such file or directory)
26    openat(AT_FDCWD, "/etc/ld.so.cache", O_RDONLY|O_CLOEXEC) = 3
26    openat(AT_FDCWD, "/lib/x86_64-linux-gnu/libc.so.6", O_RDONLY|O_CLOEXEC) = 3
26    openat(AT_FDCWD, "/lib/x86_64-linux-gnu/libm.so.6", O_RDONLY|O_CLOEXEC) = 3
26    openat(AT_FDCWD, "/usr/lib/locale/locale-archive", O_RDONLY|O_CLOEXEC) = -1 ENOENT (No such file or directory)
26    openat(AT_FDCWD, "/usr/share/locale/locale.alias", O_RDONLY|O_CLOEXEC) = -1 ENOENT (No such file or directory)
26    openat(AT_FDCWD, "/usr/lib/locale/C.UTF-8/LC_CTYPE", O_RDONLY|O_CLOEXEC) = -1 ENOENT (No such file or directory)
26    openat(AT_FDCWD, "/usr/lib/locale/C.utf8/LC_CTYPE", O_RDONLY|O_CLOEXEC) = 3
26    openat(AT_FDCWD, "/usr/lib/x86_64-linux-gnu/gconv/gconv-modules.cache", O_RDONLY|O_CLOEXEC) = 3
26    newfstatat(AT_FDCWD, "/usr/local/bin/python3", {st_mode=S_IFREG|0755, st_size=14472, ...}, 0) = 0
26    openat(AT_FDCWD, "/usr/local/pyvenv.cfg", O_RDONLY) = -1 ENOENT (No such file or directory)
26    openat(AT_FDCWD, "/usr/local/bin/pyvenv.cfg", O_RDONLY) = -1 ENOENT (No such file or directory)
26    readlink("/usr/local/bin/python3", "python3.11", 4096) = 10
26    readlink("/usr/local/bin/python3.11", 0x7ffc98f3e690, 4096) = -1 EINVAL (Invalid argument)
26    openat(AT_FDCWD, "/usr/local/bin/python3._pth", O_RDONLY) = -1 ENOENT (No such file or directory)
26    openat(AT_FDCWD, "/usr/local/bin/python3.11._pth", O_RDONLY) = -1 ENOENT (No such file or directory)
26    openat(AT_FDCWD, "/usr/local/bin/pybuilddir.txt", O_RDONLY) = -1 ENOENT (No such file or directory)
26    newfstatat(AT_FDCWD, "/usr/local/bin/lib/python311.zip", 0x7ffc98f43420, 0) = -1 ENOENT (No such file or directory)
26    newfstatat(AT_FDCWD, "/usr/local/lib/python311.zip", 0x7ffc98f43420, 0) = -1 ENOENT (No such file or directory)
26    newfstatat(AT_FDCWD, "/usr/lib/python311.zip", 0x7ffc98f43420, 0) = -1 ENOENT (No such file or directory)
26    newfstatat(AT_FDCWD, "/usr/local/bin/lib/python3.11/os.py", 0x7ffc98f432a0, 0) = -1 ENOENT (No such file or directory)
26    newfstatat(AT_FDCWD, "/usr/local/bin/lib/python3.11/os.pyc", 0x7ffc98f432a0, 0) = -1 ENOENT (No such file or directory)
26    newfstatat(AT_FDCWD, "/usr/local/lib/python3.11/os.py", {st_mode=S_IFREG|0644, st_size=39530, ...}, 0) = 0
26    newfstatat(AT_FDCWD, "/usr/local/bin/lib/python3.11/lib-dynload", 0x7ffc98f43428, 0) = -1 ENOENT (No such file or directory)
26    newfstatat(AT_FDCWD, "/usr/local/lib/python3.11/lib-dynload", {st_mode=S_IFDIR|0755, st_size=4096, ...}, 0) = 0
26    newfstatat(AT_FDCWD, "/usr/local/lib/python3.11/lib-dynload", {st_mode=S_IFDIR|0755, st_size=4096, ...}, 0) = 0
26    openat(AT_FDCWD, "/etc/localtime", O_RDONLY|O_CLOEXEC) = 3
26    newfstatat(AT_FDCWD, "/usr/local/lib/python311.zip", 0x7ffc98f42ed0, 0) = -1 ENOENT (No such file or directory)
26    newfstatat(AT_FDCWD, "/usr/local/lib", {st_mode=S_IFDIR|0755, st_size=4096, ...}, 0) = 0
26    newfstatat(AT_FDCWD, "/usr/local/lib/python311.zip", 0x7ffc98f431b0, 0) = -1 ENOENT (No such file or directory)
26    newfstatat(AT_FDCWD, "/usr/local/lib/python3.11", {st_mode=S_IFDIR|0755, st_size=4096, ...}, 0) = 0
26    newfstatat(AT_FDCWD, "/usr/local/lib/python3.11", {st_mode=S_IFDIR|0755, st_size=4096, ...}, 0) = 0
26    newfstatat(AT_FDCWD, "/usr/local/lib/python3.11", {st_mode=S_IFDIR|0755, st_size=4096, ...}, 0) = 0
26    openat(AT_FDCWD, "/usr/local/lib/python3.11", O_RDONLY|O_NONBLOCK|O_CLOEXEC|O_DIRECTORY) = 3
26    newfstatat(AT_FDCWD, "/usr/local/lib/python3.11/encodings/__init__.cpython-311-x86_64-linux-gnu.so", 0x7ffc98f431b0, 0) = -1 ENOENT (No such file or directory)
26    newfstatat(AT_FDCWD, "/usr/local/lib/python3.11/encodings/__init__.abi3.so", 0x7ffc98f43210, 0) = -1 ENOENT (No such file or directory)
26    newfstatat(AT_FDCWD, "/usr/local/lib/python3.11/encodings/__init__.so", 0x7ffc98f43210, 0) = -1 ENOENT (No such file or directory)
26    newfstatat(AT_FDCWD, "/usr/local/lib/python3.11/encodings/__init__.py", {st_mode=S_IFREG|0644, st_size=5884, ...}, 0) = 0
26    newfstatat(AT_FDCWD, "/usr/local/lib/python3.11/encodings/__init__.py", {st_mode=S_IFREG|0644, st_size=5884, ...}, 0) = 0
26    openat(AT_FDCWD, "/usr/local/lib/python3.11/encodings/__pycache__/__init__.cpython-311.pyc", O_RDONLY|O_CLOEXEC) = 3
26    newfstatat(AT_FDCWD, "/usr/local/lib/python3.11/encodings", {st_mode=S_IFDIR|0755, st_size=4096, ...}, 0) = 0
26    newfstatat(AT_FDCWD, "/usr/local/lib/python3.11/encodings", {st_mode=S_IFDIR|0755, st_size=4096, ...}, 0) = 0
26    newfstatat(AT_FDCWD, "/usr/local/lib/python3.11/encodings", {st_mode=S_IFDIR|0755, st_size=4096, ...}, 0) = 0
26    openat(AT_FDCWD, "/usr/local/lib/python3.11/encodings", O_RDONLY|O_NONBLOCK|O_CLOEXEC|O_DIRECTORY) = 3
26    newfstatat(AT_FDCWD, "/usr/local/lib/python3.11/encodings/aliases.py", {st_mode=S_IFREG|0644, st_size=15677, ...}, 0) = 0
26    newfstatat(AT_FDCWD, "/usr/local/lib/python3.11/encodings/aliases.py", {st_mode=S_IFREG|0644, st_size=15677, ...}, 0) = 0
26    openat(AT_FDCWD, "/usr/local/lib/python3.11/encodings/__pycache__/aliases.cpython-311.pyc", O_RDONLY|O_CLOEXEC) = 3
26    newfstatat(AT_FDCWD, "/usr/local/lib/python3.11/encodings", {st_mode=S_IFDIR|0755, st_size=4096, ...}, 0) = 0
26    newfstatat(AT_FDCWD, "/usr/local/lib/python3.11/encodings/utf_8.py", {st_mode=S_IFREG|0644, st_size=1005, ...}, 0) = 0
26    newfstatat(AT_FDCWD, "/usr/local/lib/python3.11/encodings/utf_8.py", {st_mode=S_IFREG|0644, st_size=1005, ...}, 0) = 0
26    openat(AT_FDCWD, "/usr/local/lib/python3.11/encodings/__pycache__/utf_8.cpython-311.pyc", O_RDONLY|O_CLOEXEC) = 3
26    newfstatat(AT_FDCWD, "/usr/local/bin/pyvenv.cfg", 0x7ffc98f42f90, 0) = -1 ENOENT (No such file or directory)
26    newfstatat(AT_FDCWD, "/usr/local/pyvenv.cfg", 0x7ffc98f42f90, 0) = -1 ENOENT (No such file or directory)
26    newfstatat(AT_FDCWD, "/root/.local/lib/python3.11/site-packages", 0x7ffc98f42f90, 0) = -1 ENOENT (No such file or directory)
26    newfstatat(AT_FDCWD, "/usr/local/lib/python3.11/site-packages", {st_mode=S_IFDIR|0755, st_size=4096, ...}, 0) = 0
26    openat(AT_FDCWD, "/usr/local/lib/python3.11/site-packages", O_RDONLY|O_NONBLOCK|O_CLOEXEC|O_DIRECTORY) = 3
26    newfstatat(AT_FDCWD, "/usr/local/lib/python3.11/site-packages/_editable_impl_mosaic_bench.pth", {st_mode=S_IFREG|0644, st_size=21, ...}, AT_SYMLINK_NOFOLLOW) = 0
26    openat(AT_FDCWD, "/usr/local/lib/python3.11/site-packages/_editable_impl_mosaic_bench.pth", O_RDONLY|O_CLOEXEC) = 3
26    newfstatat(AT_FDCWD, "/workspace", {st_mode=S_IFDIR|0755, st_size=4096, ...}, 0) = 0
26    newfstatat(AT_FDCWD, "/usr/local/lib/python3.11/site-packages/distutils-precedence.pth", {st_mode=S_IFREG|0644, st_size=151, ...}, AT_SYMLINK_NOFOLLOW) = 0
26    openat(AT_FDCWD, "/usr/local/lib/python3.11/site-packages/distutils-precedence.pth", O_RDONLY|O_CLOEXEC) = 3
26    newfstatat(AT_FDCWD, "/usr/local/lib/python3.11", {st_mode=S_IFDIR|0755, st_size=4096, ...}, 0) = 0
26    newfstatat(AT_FDCWD, "/usr/local/lib/python3.11/lib-dynload", {st_mode=S_IFDIR|0755, st_size=4096, ...}, 0) = 0
26    newfstatat(AT_FDCWD, "/usr/local/lib/python3.11/lib-dynload", {st_mode=S_IFDIR|0755, st_size=4096, ...}, 0) = 0
26    newfstatat(AT_FDCWD, "/usr/local/lib/python3.11/lib-dynload", {st_mode=S_IFDIR|0755, st_size=4096, ...}, 0) = 0
26    openat(AT_FDCWD, "/usr/local/lib/python3.11/lib-dynload", O_RDONLY|O_NONBLOCK|O_CLOEXEC|O_DIRECTORY) = 4
26    newfstatat(AT_FDCWD, "/usr/local/lib/python3.11/site-packages", {st_mode=S_IFDIR|0755, st_size=4096, ...}, 0) = 0
26    newfstatat(AT_FDCWD, "/usr/local/lib/python3.11/site-packages", {st_mode=S_IFDIR|0755, st_size=4096, ...}, 0) = 0
26    newfstatat(AT_FDCWD, "/usr/local/lib/python3.11/site-packages", {st_mode=S_IFDIR|0755, st_size=4096, ...}, 0) = 0
26    openat(AT_FDCWD, "/usr/local/lib/python3.11/site-packages", O_RDONLY|O_NONBLOCK|O_CLOEXEC|O_DIRECTORY) = 4
26    newfstatat(AT_FDCWD, "/usr/local/lib/python3.11/site-packages/_distutils_hack/__init__.cpython-311-x86_64-linux-gnu.so", 0x7ffc98f42830, 0) = -1 ENOENT (No such file or directory)
26    newfstatat(AT_FDCWD, "/usr/local/lib/python3.11/site-packages/_distutils_hack/__init__.abi3.so", 0x7ffc98f42830, 0) = -1 ENOENT (No such file or directory)
26    newfstatat(AT_FDCWD, "/usr/local/lib/python3.11/site-packages/_distutils_hack/__init__.so", 0x7ffc98f42830, 0) = -1 ENOENT (No such file or directory)
26    newfstatat(AT_FDCWD, "/usr/local/lib/python3.11/site-packages/_distutils_hack/__init__.py", {st_mode=S_IFREG|0644, st_size=6755, ...}, 0) = 0
26    newfstatat(AT_FDCWD, "/usr/local/lib/python3.11/site-packages/_distutils_hack/__init__.py", {st_mode=S_IFREG|0644, st_size=6755, ...}, 0) = 0
26    openat(AT_FDCWD, "/usr/local/lib/python3.11/site-packages/_distutils_hack/__pycache__/__init__.cpython-311.pyc", O_RDONLY|O_CLOEXEC) = 4
26    newfstatat(AT_FDCWD, "/usr/local/lib/python3.11", {st_mode=S_IFDIR|0755, st_size=4096, ...}, 0) = 0
26    newfstatat(AT_FDCWD, "/usr/local/lib/python3.11/lib-dynload", {st_mode=S_IFDIR|0755, st_size=4096, ...}, 0) = 0
26    newfstatat(AT_FDCWD, "/usr/local/lib/python3.11/site-packages", {st_mode=S_IFDIR|0755, st_size=4096, ...}, 0) = 0
26    newfstatat(AT_FDCWD, "/workspace", {st_mode=S_IFDIR|0755, st_size=4096, ...}, 0) = 0
26    newfstatat(AT_FDCWD, "/workspace", {st_mode=S_IFDIR|0755, st_size=4096, ...}, 0) = 0
26    newfstatat(AT_FDCWD, "/workspace", {st_mode=S_IFDIR|0755, st_size=4096, ...}, 0) = 0
26    openat(AT_FDCWD, "/workspace", O_RDONLY|O_NONBLOCK|O_CLOEXEC|O_DIRECTORY) = 3
26    newfstatat(AT_FDCWD, "/usr/local/lib/python3.11", {st_mode=S_IFDIR|0755, st_size=4096, ...}, 0) = 0
26    newfstatat(AT_FDCWD, "/usr/local/lib/python3.11/lib-dynload", {st_mode=S_IFDIR|0755, st_size=4096, ...}, 0) = 0
26    newfstatat(AT_FDCWD, "/usr/local/lib/python3.11/site-packages", {st_mode=S_IFDIR|0755, st_size=4096, ...}, 0) = 0
26    newfstatat(AT_FDCWD, "/workspace", {st_mode=S_IFDIR|0755, st_size=4096, ...}, 0) = 0
26    newfstatat(AT_FDCWD, "/workspace/benchmark/chains/express_amount_trust/poc_price_override.py", {st_mode=S_IFREG|0664, st_size=3605, ...}, 0) = 0
26    openat(AT_FDCWD, "/workspace/benchmark/chains/express_amount_trust/poc_price_override.py", O_RDONLY|O_CLOEXEC) = 3
26    newfstatat(AT_FDCWD, "/workspace/benchmark/chains/express_amount_trust/poc_price_override.py", {st_mode=S_IFREG|0664, st_size=3605, ...}, 0) = 0
26    readlink("/workspace/benchmark/chains/express_amount_trust/poc_price_override.py", 0x7ffc98f32d50, 4096) = -1 EINVAL (Invalid argument)
26    readlink("/workspace", 0x7ffc98f328f0, 1023) = -1 EINVAL (Invalid argument)
26    readlink("/workspace/benchmark", 0x7ffc98f328f0, 1023) = -1 EINVAL (Invalid argument)
26    readlink("/workspace/benchmark/chains", 0x7ffc98f328f0, 1023) = -1 EINVAL (Invalid argument)
26    readlink("/workspace/benchmark/chains/express_amount_trust", 0x7ffc98f328f0, 1023) = -1 EINVAL (Invalid argument)
26    readlink("/workspace/benchmark/chains/express_amount_trust/poc_price_override.py", 0x7ffc98f328f0, 1023) = -1 EINVAL (Invalid argument)
26    openat(AT_FDCWD, "/workspace/benchmark/chains/express_amount_trust/poc_price_override.py", O_RDONLY) = 3
26    newfstatat(AT_FDCWD, "/workspace/benchmark/chains/express_amount_trust", {st_mode=S_IFDIR|0775, st_size=4096, ...}, 0) = 0
26    newfstatat(AT_FDCWD, "/workspace/benchmark/chains/express_amount_trust", {st_mode=S_IFDIR|0775, st_size=4096, ...}, 0) = 0
26    newfstatat(AT_FDCWD, "/workspace/benchmark/chains/express_amount_trust", {st_mode=S_IFDIR|0775, st_size=4096, ...}, 0) = 0
26    openat(AT_FDCWD, "/workspace/benchmark/chains/express_amount_trust", O_RDONLY|O_NONBLOCK|O_CLOEXEC|O_DIRECTORY) = 3
26    newfstatat(AT_FDCWD, "/usr/local/lib/python3.11", {st_mode=S_IFDIR|0755, st_size=4096, ...}, 0) = 0
26    newfstatat(AT_FDCWD, "/usr/local/lib/python3.11/lib-dynload", {st_mode=S_IFDIR|0755, st_size=4096, ...}, 0) = 0
26    newfstatat(AT_FDCWD, "/usr/local/lib/python3.11/site-packages", {st_mode=S_IFDIR|0755, st_size=4096, ...}, 0) = 0
26    newfstatat(AT_FDCWD, "/workspace", {st_mode=S_IFDIR|0755, st_size=4096, ...}, 0) = 0
26    newfstatat(AT_FDCWD, "/workspace/mosaic/__init__.cpython-311-x86_64-linux-gnu.so", 0x7ffc98f42ce0, 0) = -1 ENOENT (No such file or directory)
26    newfstatat(AT_FDCWD, "/workspace/mosaic/__init__.abi3.so", 0x7ffc98f42ce0, 0) = -1 ENOENT (No such file or directory)
26    newfstatat(AT_FDCWD, "/workspace/mosaic/__init__.so", 0x7ffc98f42ce0, 0) = -1 ENOENT (No such file or directory)
26    newfstatat(AT_FDCWD, "/workspace/mosaic/__init__.py", {st_mode=S_IFREG|0664, st_size=840, ...}, 0) = 0
26    newfstatat(AT_FDCWD, "/workspace/mosaic/__init__.py", {st_mode=S_IFREG|0664, st_size=840, ...}, 0) = 0
26    openat(AT_FDCWD, "/workspace/mosaic/__pycache__/__init__.cpython-311.pyc", O_RDONLY|O_CLOEXEC) = 3
26    newfstatat(AT_FDCWD, "/workspace/mosaic", {st_mode=S_IFDIR|0775, st_size=4096, ...}, 0) = 0
26    newfstatat(AT_FDCWD, "/workspace/mosaic", {st_mode=S_IFDIR|0775, st_size=4096, ...}, 0) = 0
26    newfstatat(AT_FDCWD, "/workspace/mosaic", {st_mode=S_IFDIR|0775, st_size=4096, ...}, 0) = 0
26    openat(AT_FDCWD, "/workspace/mosaic", O_RDONLY|O_NONBLOCK|O_CLOEXEC|O_DIRECTORY) = 3
26    newfstatat(AT_FDCWD, "/workspace/mosaic/schema.py", {st_mode=S_IFREG|0664, st_size=3976, ...}, 0) = 0
26    newfstatat(AT_FDCWD, "/workspace/mosaic/schema.py", {st_mode=S_IFREG|0664, st_size=3976, ...}, 0) = 0
26    openat(AT_FDCWD, "/workspace/mosaic/__pycache__/schema.cpython-311.pyc", O_RDONLY|O_CLOEXEC) = 3
26    newfstatat(AT_FDCWD, "/workspace/benchmark/chains/express_amount_trust", {st_mode=S_IFDIR|0775, st_size=4096, ...}, 0) = 0
26    newfstatat(AT_FDCWD, "/usr/local/lib/python3.11", {st_mode=S_IFDIR|0755, st_size=4096, ...}, 0) = 0
26    newfstatat(AT_FDCWD, "/usr/local/lib/python3.11/__future__.py", {st_mode=S_IFREG|0644, st_size=5218, ...}, 0) = 0
26    newfstatat(AT_FDCWD, "/usr/local/lib/python3.11/__future__.py", {st_mode=S_IFREG|0644, st_size=5218, ...}, 0) = 0
26    openat(AT_FDCWD, "/usr/local/lib/python3.11/__pycache__/__future__.cpython-311.pyc", O_RDONLY|O_CLOEXEC) = 3
26    newfstatat(AT_FDCWD, "/workspace/benchmark/chains/express_amount_trust", {st_mode=S_IFDIR|0775, st_size=4096, ...}, 0) = 0
26    newfstatat(AT_FDCWD, "/usr/local/lib/python3.11", {st_mode=S_IFDIR|0755, st_size=4096, ...}, 0) = 0
26    newfstatat(AT_FDCWD, "/usr/local/lib/python3.11/re/__init__.cpython-311-x86_64-linux-gnu.so", 0x7ffc98f41fa0, 0) = -1 ENOENT (No such file or directory)
26    newfstatat(AT_FDCWD, "/usr/local/lib/python3.11/re/__init__.abi3.so", 0x7ffc98f41fa0, 0) = -1 ENOENT (No such file or directory)
26    newfstatat(AT_FDCWD, "/usr/local/lib/python3.11/re/__init__.so", 0x7ffc98f41fa0, 0) = -1 ENOENT (No such file or directory)
26    newfstatat(AT_FDCWD, "/usr/local/lib/python3.11/re/__init__.py", {st_mode=S_IFREG|0644, st_size=15889, ...}, 0) = 0
26    newfstatat(AT_FDCWD, "/usr/local/lib/python3.11/re/__init__.py", {st_mode=S_IFREG|0644, st_size=15889, ...}, 0) = 0
26    openat(AT_FDCWD, "/usr/local/lib/python3.11/re/__pycache__/__init__.cpython-311.pyc", O_RDONLY|O_CLOEXEC) = 3
26    newfstatat(AT_FDCWD, "/workspace/benchmark/chains/express_amount_trust", {st_mode=S_IFDIR|0775, st_size=4096, ...}, 0) = 0
26    newfstatat(AT_FDCWD, "/usr/local/lib/python3.11", {st_mode=S_IFDIR|0755, st_size=4096, ...}, 0) = 0
26    newfstatat(AT_FDCWD, "/usr/local/lib/python3.11/enum.py", {st_mode=S_IFREG|0644, st_size=79583, ...}, 0) = 0
26    newfstatat(AT_FDCWD, "/usr/local/lib/python3.11/enum.py", {st_mode=S_IFREG|0644, st_size=79583, ...}, 0) = 0
26    openat(AT_FDCWD, "/usr/local/lib/python3.11/__pycache__/enum.cpython-311.pyc", O_RDONLY|O_CLOEXEC) = 3
26    newfstatat(AT_FDCWD, "/workspace/benchmark/chains/express_amount_trust", {st_mode=S_IFDIR|0775, st_size=4096, ...}, 0) = 0
26    newfstatat(AT_FDCWD, "/usr/local/lib/python3.11", {st_mode=S_IFDIR|0755, st_size=4096, ...}, 0) = 0
26    newfstatat(AT_FDCWD, "/usr/local/lib/python3.11/types.py", {st_mode=S_IFREG|0644, st_size=10067, ...}, 0) = 0
26    newfstatat(AT_FDCWD, "/usr/local/lib/python3.11/types.py", {st_mode=S_IFREG|0644, st_size=10067, ...}, 0) = 0
26    openat(AT_FDCWD, "/usr/local/lib/python3.11/__pycache__/types.cpython-311.pyc", O_RDONLY|O_CLOEXEC) = 3
26    newfstatat(AT_FDCWD, "/workspace/benchmark/chains/express_amount_trust", {st_mode=S_IFDIR|0775, st_size=4096, ...}, 0) = 0
26    newfstatat(AT_FDCWD, "/usr/local/lib/python3.11", {st_mode=S_IFDIR|0755, st_size=4096, ...}, 0) = 0
26    newfstatat(AT_FDCWD, "/usr/local/lib/python3.11/operator.py", {st_mode=S_IFREG|0644, st_size=10965, ...}, 0) = 0
26    newfstatat(AT_FDCWD, "/usr/local/lib/python3.11/operator.py", {st_mode=S_IFREG|0644, st_size=10965, ...}, 0) = 0
26    openat(AT_FDCWD, "/usr/local/lib/python3.11/__pycache__/operator.cpython-311.pyc", O_RDONLY|O_CLOEXEC) = 3
26    newfstatat(AT_FDCWD, "/workspace/benchmark/chains/express_amount_trust", {st_mode=S_IFDIR|0775, st_size=4096, ...}, 0) = 0
26    newfstatat(AT_FDCWD, "/usr/local/lib/python3.11", {st_mode=S_IFDIR|0755, st_size=4096, ...}, 0) = 0
26    newfstatat(AT_FDCWD, "/usr/local/lib/python3.11/functools.py", {st_mode=S_IFREG|0644, st_size=38413, ...}, 0) = 0
26    newfstatat(AT_FDCWD, "/usr/local/lib/python3.11/functools.py", {st_mode=S_IFREG|0644, st_size=38413, ...}, 0) = 0
26    openat(AT_FDCWD, "/usr/local/lib/python3.11/__pycache__/functools.cpython-311.pyc", O_RDONLY|O_CLOEXEC) = 3
26    newfstatat(AT_FDCWD, "/workspace/benchmark/chains/express_amount_trust", {st_mode=S_IFDIR|0775, st_size=4096, ...}, 0) = 0
26    newfstatat(AT_FDCWD, "/usr/local/lib/python3.11", {st_mode=S_IFDIR|0755, st_size=4096, ...}, 0) = 0
26    newfstatat(AT_FDCWD, "/usr/local/lib/python3.11/collections/__init__.cpython-311-x86_64-linux-gnu.so", 0x7ffc98f40bc0, 0) = -1 ENOENT (No such file or directory)
26    newfstatat(AT_FDCWD, "/usr/local/lib/python3.11/collections/__init__.abi3.so", 0x7ffc98f40bc0, 0) = -1 ENOENT (No such file or directory)
26    newfstatat(AT_FDCWD, "/usr/local/lib/python3.11/collections/__init__.so", 0x7ffc98f40bc0, 0) = -1 ENOENT (No such file or directory)
26    newfstatat(AT_FDCWD, "/usr/local/lib/python3.11/collections/__init__.py", {st_mode=S_IFREG|0644, st_size=52018, ...}, 0) = 0
26    newfstatat(AT_FDCWD, "/usr/local/lib/python3.11/collections/__init__.py", {st_mode=S_IFREG|0644, st_size=52018, ...}, 0) = 0
26    openat(AT_FDCWD, "/usr/local/lib/python3.11/collections/__pycache__/__init__.cpython-311.pyc", O_RDONLY|O_CLOEXEC) = 3
26    newfstatat(AT_FDCWD, "/workspace/benchmark/chains/express_amount_trust", {st_mode=S_IFDIR|0775, st_size=4096, ...}, 0) = 0
26    newfstatat(AT_FDCWD, "/usr/local/lib/python3.11", {st_mode=S_IFDIR|0755, st_size=4096, ...}, 0) = 0
26    newfstatat(AT_FDCWD, "/usr/local/lib/python3.11/keyword.py", {st_mode=S_IFREG|0644, st_size=1061, ...}, 0) = 0
26    newfstatat(AT_FDCWD, "/usr/local/lib/python3.11/keyword.py", {st_mode=S_IFREG|0644, st_size=1061, ...}, 0) = 0
26    openat(AT_FDCWD, "/usr/local/lib/python3.11/__pycache__/keyword.cpython-311.pyc", O_RDONLY|O_CLOEXEC) = 3
26    newfstatat(AT_FDCWD, "/workspace/benchmark/chains/express_amount_trust", {st_mode=S_IFDIR|0775, st_size=4096, ...}, 0) = 0
26    newfstatat(AT_FDCWD, "/usr/local/lib/python3.11", {st_mode=S_IFDIR|0755, st_size=4096, ...}, 0) = 0
26    newfstatat(AT_FDCWD, "/usr/local/lib/python3.11/reprlib.py", {st_mode=S_IFREG|0644, st_size=5437, ...}, 0) = 0
26    newfstatat(AT_FDCWD, "/usr/local/lib/python3.11/reprlib.py", {st_mode=S_IFREG|0644, st_size=5437, ...}, 0) = 0
26    openat(AT_FDCWD, "/usr/local/lib/python3.11/__pycache__/reprlib.cpython-311.pyc", O_RDONLY|O_CLOEXEC) = 3
26    newfstatat(AT_FDCWD, "/usr/local/lib/python3.11/re", {st_mode=S_IFDIR|0755, st_size=4096, ...}, 0) = 0
26    newfstatat(AT_FDCWD, "/usr/local/lib/python3.11/re", {st_mode=S_IFDIR|0755, st_size=4096, ...}, 0) = 0
26    newfstatat(AT_FDCWD, "/usr/local/lib/python3.11/re", {st_mode=S_IFDIR|0755, st_size=4096, ...}, 0) = 0
26    openat(AT_FDCWD, "/usr/local/lib/python3.11/re", O_RDONLY|O_NONBLOCK|O_CLOEXEC|O_DIRECTORY) = 3
26    newfstatat(AT_FDCWD, "/usr/local/lib/python3.11/re/_compiler.py", {st_mode=S_IFREG|0644, st_size=26089, ...}, 0) = 0
26    newfstatat(AT_FDCWD, "/usr/local/lib/python3.11/re/_compiler.py", {st_mode=S_IFREG|0644, st_size=26089, ...}, 0) = 0
26    openat(AT_FDCWD, "/usr/local/lib/python3.11/re/__pycache__/_compiler.cpython-311.pyc", O_RDONLY|O_CLOEXEC) = 3
26    newfstatat(AT_FDCWD, "/usr/local/lib/python3.11/re", {st_mode=S_IFDIR|0755, st_size=4096, ...}, 0) = 0
26    newfstatat(AT_FDCWD, "/usr/local/lib/python3.11/re/_parser.py", {st_mode=S_IFREG|0644, st_size=42420, ...}, 0) = 0
26    newfstatat(AT_FDCWD, "/usr/local/lib/python3.11/re/_parser.py", {st_mode=S_IFREG|0644, st_size=42420, ...}, 0) = 0
26    openat(AT_FDCWD, "/usr/local/lib/python3.11/re/__pycache__/_parser.cpython-311.pyc", O_RDONLY|O_CLOEXEC) = 3
26    newfstatat(AT_FDCWD, "/usr/local/lib/python3.11/re", {st_mode=S_IFDIR|0755, st_size=4096, ...}, 0) = 0
26    newfstatat(AT_FDCWD, "/usr/local/lib/python3.11/re/_constants.py", {st_mode=S_IFREG|0644, st_size=5930, ...}, 0) = 0
26    newfstatat(AT_FDCWD, "/usr/local/lib/python3.11/re/_constants.py", {st_mode=S_IFREG|0644, st_size=5930, ...}, 0) = 0
26    openat(AT_FDCWD, "/usr/local/lib/python3.11/re/__pycache__/_constants.cpython-311.pyc", O_RDONLY|O_CLOEXEC) = 3
26    newfstatat(AT_FDCWD, "/usr/local/lib/python3.11/re", {st_mode=S_IFDIR|0755, st_size=4096, ...}, 0) = 0
26    newfstatat(AT_FDCWD, "/usr/local/lib/python3.11/re/_casefix.py", {st_mode=S_IFREG|0644, st_size=5446, ...}, 0) = 0
26    newfstatat(AT_FDCWD, "/usr/local/lib/python3.11/re/_casefix.py", {st_mode=S_IFREG|0644, st_size=5446, ...}, 0) = 0
26    openat(AT_FDCWD, "/usr/local/lib/python3.11/re/__pycache__/_casefix.cpython-311.pyc", O_RDONLY|O_CLOEXEC) = 3
26    newfstatat(AT_FDCWD, "/workspace/benchmark/chains/express_amount_trust", {st_mode=S_IFDIR|0775, st_size=4096, ...}, 0) = 0
26    newfstatat(AT_FDCWD, "/usr/local/lib/python3.11", {st_mode=S_IFDIR|0755, st_size=4096, ...}, 0) = 0
26    newfstatat(AT_FDCWD, "/usr/local/lib/python3.11/copyreg.py", {st_mode=S_IFREG|0644, st_size=7677, ...}, 0) = 0
26    newfstatat(AT_FDCWD, "/usr/local/lib/python3.11/copyreg.py", {st_mode=S_IFREG|0644, st_size=7677, ...}, 0) = 0
26    openat(AT_FDCWD, "/usr/local/lib/python3.11/__pycache__/copyreg.cpython-311.pyc", O_RDONLY|O_CLOEXEC) = 3
26    newfstatat(AT_FDCWD, "/workspace/benchmark/chains/express_amount_trust", {st_mode=S_IFDIR|0775, st_size=4096, ...}, 0) = 0
26    newfstatat(AT_FDCWD, "/usr/local/lib/python3.11", {st_mode=S_IFDIR|0755, st_size=4096, ...}, 0) = 0
26    newfstatat(AT_FDCWD, "/usr/local/lib/python3.11/typing.py", {st_mode=S_IFREG|0644, st_size=120951, ...}, 0) = 0
26    newfstatat(AT_FDCWD, "/usr/local/lib/python3.11/typing.py", {st_mode=S_IFREG|0644, st_size=120951, ...}, 0) = 0
26    openat(AT_FDCWD, "/usr/local/lib/python3.11/__pycache__/typing.cpython-311.pyc", O_RDONLY|O_CLOEXEC) = 3
26    newfstatat(AT_FDCWD, "/usr/local/lib/python3.11/collections", {st_mode=S_IFDIR|0755, st_size=4096, ...}, 0) = 0
26    newfstatat(AT_FDCWD, "/usr/local/lib/python3.11/collections", {st_mode=S_IFDIR|0755, st_size=4096, ...}, 0) = 0
26    newfstatat(AT_FDCWD, "/usr/local/lib/python3.11/collections", {st_mode=S_IFDIR|0755, st_size=4096, ...}, 0) = 0
26    openat(AT_FDCWD, "/usr/local/lib/python3.11/collections", O_RDONLY|O_NONBLOCK|O_CLOEXEC|O_DIRECTORY) = 3
26    newfstatat(AT_FDCWD, "/usr/local/lib/python3.11/collections/abc.py", {st_mode=S_IFREG|0644, st_size=119, ...}, 0) = 0
26    newfstatat(AT_FDCWD, "/usr/local/lib/python3.11/collections/abc.py", {st_mode=S_IFREG|0644, st_size=119, ...}, 0) = 0
26    openat(AT_FDCWD, "/usr/local/lib/python3.11/collections/__pycache__/abc.cpython-311.pyc", O_RDONLY|O_CLOEXEC) = 3
26    newfstatat(AT_FDCWD, "/workspace/benchmark/chains/express_amount_trust", {st_mode=S_IFDIR|0775, st_size=4096, ...}, 0) = 0
26    newfstatat(AT_FDCWD, "/usr/local/lib/python3.11", {st_mode=S_IFDIR|0755, st_size=4096, ...}, 0) = 0
26    newfstatat(AT_FDCWD, "/usr/local/lib/python3.11/contextlib.py", {st_mode=S_IFREG|0644, st_size=27414, ...}, 0) = 0
26    newfstatat(AT_FDCWD, "/usr/local/lib/python3.11/contextlib.py", {st_mode=S_IFREG|0644, st_size=27414, ...}, 0) = 0
26    openat(AT_FDCWD, "/usr/local/lib/python3.11/__pycache__/contextlib.cpython-311.pyc", O_RDONLY|O_CLOEXEC) = 3
26    newfstatat(AT_FDCWD, "/workspace/benchmark/chains/express_amount_trust", {st_mode=S_IFDIR|0775, st_size=4096, ...}, 0) = 0
26    newfstatat(AT_FDCWD, "/usr/local/lib/python3.11", {st_mode=S_IFDIR|0755, st_size=4096, ...}, 0) = 0
26    newfstatat(AT_FDCWD, "/usr/local/lib/python3.11/warnings.py", {st_mode=S_IFREG|0644, st_size=21110, ...}, 0) = 0
26    newfstatat(AT_FDCWD, "/usr/local/lib/python3.11/warnings.py", {st_mode=S_IFREG|0644, st_size=21110, ...}, 0) = 0
26    openat(AT_FDCWD, "/usr/local/lib/python3.11/__pycache__/warnings.cpython-311.pyc", O_RDONLY|O_CLOEXEC) = 3
26    newfstatat(AT_FDCWD, "/workspace/benchmark/chains/express_amount_trust", {st_mode=S_IFDIR|0775, st_size=4096, ...}, 0) = 0
26    newfstatat(AT_FDCWD, "/usr/local/lib/python3.11", {st_mode=S_IFDIR|0755, st_size=4096, ...}, 0) = 0
26    newfstatat(AT_FDCWD, "/usr/local/lib/python3.11/lib-dynload", {st_mode=S_IFDIR|0755, st_size=4096, ...}, 0) = 0
26    newfstatat(AT_FDCWD, "/usr/local/lib/python3.11/lib-dynload/_typing.cpython-311-x86_64-linux-gnu.so", {st_mode=S_IFREG|0755, st_size=14288, ...}, 0) = 0
26    openat(AT_FDCWD, "/usr/local/lib/python3.11/lib-dynload/_typing.cpython-311-x86_64-linux-gnu.so", O_RDONLY|O_CLOEXEC) = 3
26    newfstatat(AT_FDCWD, "/workspace/benchmark/chains/express_amount_trust", {st_mode=S_IFDIR|0775, st_size=4096, ...}, 0) = 0
26    newfstatat(AT_FDCWD, "/usr/local/lib/python3.11", {st_mode=S_IFDIR|0755, st_size=4096, ...}, 0) = 0
26    newfstatat(AT_FDCWD, "/usr/local/lib/python3.11/lib-dynload", {st_mode=S_IFDIR|0755, st_size=4096, ...}, 0) = 0
26    newfstatat(AT_FDCWD, "/usr/local/lib/python3.11/site-packages", {st_mode=S_IFDIR|0755, st_size=4096, ...}, 0) = 0
26    newfstatat(AT_FDCWD, "/usr/local/lib/python3.11/site-packages/pydantic/__init__.cpython-311-x86_64-linux-gnu.so", 0x7ffc98f41fa0, 0) = -1 ENOENT (No such file or directory)
26    newfstatat(AT_FDCWD, "/usr/local/lib/python3.11/site-packages/pydantic/__init__.abi3.so", 0x7ffc98f41fa0, 0) = -1 ENOENT (No such file or directory)
26    newfstatat(AT_FDCWD, "/usr/local/lib/python3.11/site-packages/pydantic/__init__.so", 0x7ffc98f41fa0, 0) = -1 ENOENT (No such file or directory)
26    newfstatat(AT_FDCWD, "/usr/local/lib/python3.11/site-packages/pydantic/__init__.py", {st_mode=S_IFREG|0644, st_size=15812, ...}, 0) = 0
26    newfstatat(AT_FDCWD, "/usr/local/lib/python3.11/site-packages/pydantic/__init__.py", {st_mode=S_IFREG|0644, st_size=15812, ...}, 0) = 0
26    openat(AT_FDCWD, "/usr/local/lib/python3.11/site-packages/pydantic/__pycache__/__init__.cpython-311.pyc", O_RDONLY|O_CLOEXEC) = 3
26    newfstatat(AT_FDCWD, "/workspace/benchmark/chains/express_amount_trust", {st_mode=S_IFDIR|0775, st_size=4096, ...}, 0) = 0
26    newfstatat(AT_FDCWD, "/usr/local/lib/python3.11", {st_mode=S_IFDIR|0755, st_size=4096, ...}, 0) = 0
26    newfstatat(AT_FDCWD, "/usr/local/lib/python3.11/importlib/__init__.cpython-311-x86_64-linux-gnu.so", 0x7ffc98f41900, 0) = -1 ENOENT (No such file or directory)
26    newfstatat(AT_FDCWD, "/usr/local/lib/python3.11/importlib/__init__.abi3.so", 0x7ffc98f41900, 0) = -1 ENOENT (No such file or directory)
26    newfstatat(AT_FDCWD, "/usr/local/lib/python3.11/importlib/__init__.so", 0x7ffc98f41900, 0) = -1 ENOENT (No such file or directory)
26    newfstatat(AT_FDCWD, "/usr/local/lib/python3.11/importlib/__init__.py", {st_mode=S_IFREG|0644, st_size=6089, ...}, 0) = 0
26    newfstatat(AT_FDCWD, "/usr/local/lib/python3.11/importlib/__init__.py", {st_mode=S_IFREG|0644, st_size=6089, ...}, 0) = 0
26    openat(AT_FDCWD, "/usr/local/lib/python3.11/importlib/__pycache__/__init__.cpython-311.pyc", O_RDONLY|O_CLOEXEC) = 3
26    newfstatat(AT_FDCWD, "/usr/local/lib/python3.11/site-packages/pydantic", {st_mode=S_IFDIR|0755, st_size=4096, ...}, 0) = 0
26    newfstatat(AT_FDCWD, "/usr/local/lib/python3.11/site-packages/pydantic", {st_mode=S_IFDIR|0755, st_size=4096, ...}, 0) = 0
26    newfstatat(AT_FDCWD, "/usr/local/lib/python3.11/site-packages/pydantic", {st_mode=S_IFDIR|0755, st_size=4096, ...}, 0) = 0
26    openat(AT_FDCWD, "/usr/local/lib/python3.11/site-packages/pydantic", O_RDONLY|O_NONBLOCK|O_CLOEXEC|O_DIRECTORY) = 3
26    newfstatat(AT_FDCWD, "/usr/local/lib/python3.11/site-packages/pydantic/_migration.py", {st_mode=S_IFREG|0644, st_size=12160, ...}, 0) = 0
26    newfstatat(AT_FDCWD, "/usr/local/lib/python3.11/site-packages/pydantic/_migration.py", {st_mode=S_IFREG|0644, st_size=12160, ...}, 0) = 0
26    openat(AT_FDCWD, "/usr/local/lib/python3.11/site-packages/pydantic/__pycache__/_migration.cpython-311.pyc", O_RDONLY|O_CLOEXEC) = 3
26    newfstatat(AT_FDCWD, "/usr/local/lib/python3.11/site-packages/pydantic", {st_mode=S_IFDIR|0755, st_size=4096, ...}, 0) = 0
26    newfstatat(AT_FDCWD, "/usr/local/lib/python3.11/site-packages/pydantic/warnings.py", {st_mode=S_IFREG|0644, st_size=4822, ...}, 0) = 0
26    newfstatat(AT_FDCWD, "/usr/local/lib/python3.11/site-packages/pydantic/warnings.py", {st_mode=S_IFREG|0644, st_size=4822, ...}, 0) = 0
26    openat(AT_FDCWD, "/usr/local/lib/python3.11/site-packages/pydantic/__pycache__/warnings.cpython-311.pyc", O_RDONLY|O_CLOEXEC) = 3
26    newfstatat(AT_FDCWD, "/usr/local/lib/python3.11/site-packages/pydantic", {st_mode=S_IFDIR|0755, st_size=4096, ...}, 0) = 0
26    newfstatat(AT_FDCWD, "/usr/local/lib/python3.11/site-packages/pydantic/version.py", {st_mode=S_IFREG|0644, st_size=3985, ...}, 0) = 0
26    newfstatat(AT_FDCWD, "/usr/local/lib/python3.11/site-packages/pydantic/version.py", {st_mode=S_IFREG|0644, st_size=3985, ...}, 0) = 0
26    openat(AT_FDCWD, "/usr/local/lib/python3.11/site-packages/pydantic/__pycache__/version.cpython-311.pyc", O_RDONLY|O_CLOEXEC) = 3
26    newfstatat(AT_FDCWD, "/workspace/benchmark/chains/express_amount_trust", {st_mode=S_IFDIR|0775, st_size=4096, ...}, 0) = 0
26    newfstatat(AT_FDCWD, "/usr/local/lib/python3.11", {st_mode=S_IFDIR|0755, st_size=4096, ...}, 0) = 0
26    newfstatat(AT_FDCWD, "/usr/local/lib/python3.11/lib-dynload", {st_mode=S_IFDIR|0755, st_size=4096, ...}, 0) = 0
26    newfstatat(AT_FDCWD, "/usr/local/lib/python3.11/site-packages", {st_mode=S_IFDIR|0755, st_size=4096, ...}, 0) = 0
26    newfstatat(AT_FDCWD, "/usr/local/lib/python3.11/site-packages/pydantic_core/__init__.cpython-311-x86_64-linux-gnu.so", 0x7ffc98f40520, 0) = -1 ENOENT (No such file or directory)
26    newfstatat(AT_FDCWD, "/usr/local/lib/python3.11/site-packages/pydantic_core/__init__.abi3.so", 0x7ffc98f40520, 0) = -1 ENOENT (No such file or directory)
26    newfstatat(AT_FDCWD, "/usr/local/lib/python3.11/site-packages/pydantic_core/__init__.so", 0x7ffc98f40520, 0) = -1 ENOENT (No such file or directory)
26    newfstatat(AT_FDCWD, "/usr/local/lib/python3.11/site-packages/pydantic_core/__init__.py", {st_mode=S_IFREG|0644, st_size=5115, ...}, 0) = 0
26    newfstatat(AT_FDCWD, "/usr/local/lib/python3.11/site-packages/pydantic_core/__init__.py", {st_mode=S_IFREG|0644, st_size=5115, ...}, 0) = 0
26    openat(AT_FDCWD, "/usr/local/lib/python3.11/site-packages/pydantic_core/__pycache__/__init__.cpython-311.pyc", O_RDONLY|O_CLOEXEC) = 3
26    newfstatat(AT_FDCWD, "/workspace/benchmark/chains/express_amount_trust", {st_mode=S_IFDIR|0775, st_size=4096, ...}, 0) = 0
26    newfstatat(AT_FDCWD, "/usr/local/lib/python3.11", {st_mode=S_IFDIR|0755, st_size=4096, ...}, 0) = 0
26    newfstatat(AT_FDCWD, "/usr/local/lib/python3.11/lib-dynload", {st_mode=S_IFDIR|0755, st_size=4096, ...}, 0) = 0
26    newfstatat(AT_FDCWD, "/usr/local/lib/python3.11/site-packages", {st_mode=S_IFDIR|0755, st_size=4096, ...}, 0) = 0
26    newfstatat(AT_FDCWD, "/usr/local/lib/python3.11/site-packages/typing_extensions.py", {st_mode=S_IFREG|0644, st_size=165012, ...}, 0) = 0
26    newfstatat(AT_FDCWD, "/usr/local/lib/python3.11/site-packages/typing_extensions.py", {st_mode=S_IFREG|0644, st_size=165012, ...}, 0) = 0
26    openat(AT_FDCWD, "/usr/local/lib/python3.11/site-packages/__pycache__/typing_extensions.cpython-311.pyc", O_RDONLY|O_CLOEXEC) = 3
26    newfstatat(AT_FDCWD, "/workspace/benchmark/chains/express_amount_trust", {st_mode=S_IFDIR|0775, st_size=4096, ...}, 0) = 0
26    newfstatat(AT_FDCWD, "/usr/local/lib/python3.11", {st_mode=S_IFDIR|0755, st_size=4096, ...}, 0) = 0
26    newfstatat(AT_FDCWD, "/usr/local/lib/python3.11/inspect.py", {st_mode=S_IFREG|0644, st_size=123419, ...}, 0) = 0
26    newfstatat(AT_FDCWD, "/usr/local/lib/python3.11/inspect.py", {st_mode=S_IFREG|0644, st_size=123419, ...}, 0) = 0
26    openat(AT_FDCWD, "/usr/local/lib/python3.11/__pycache__/inspect.cpython-311.pyc", O_RDONLY|O_CLOEXEC) = 3
26    newfstatat(AT_FDCWD, "/workspace/benchmark/chains/express_amount_trust", {st_mode=S_IFDIR|0775, st_size=4096, ...}, 0) = 0
26    newfstatat(AT_FDCWD, "/usr/local/lib/python3.11", {st_mode=S_IFDIR|0755, st_size=4096, ...}, 0) = 0
26    newfstatat(AT_FDCWD, "/usr/local/lib/python3.11/ast.py", {st_mode=S_IFREG|0644, st_size=61444, ...}, 0) = 0
26    newfstatat(AT_FDCWD, "/usr/local/lib/python3.11/ast.py", {st_mode=S_IFREG|0644, st_size=61444, ...}, 0) = 0
26    openat(AT_FDCWD, "/usr/local/lib/python3.11/__pycache__/ast.cpython-311.pyc", O_RDONLY|O_CLOEXEC) = 3
26    newfstatat(AT_FDCWD, "/workspace/benchmark/chains/express_amount_trust", {st_mode=S_IFDIR|0775, st_size=4096, ...}, 0) = 0
26    newfstatat(AT_FDCWD, "/usr/local/lib/python3.11", {st_mode=S_IFDIR|0755, st_size=4096, ...}, 0) = 0
26    newfstatat(AT_FDCWD, "/usr/local/lib/python3.11/dis.py", {st_mode=S_IFREG|0644, st_size=28906, ...}, 0) = 0
26    newfstatat(AT_FDCWD, "/usr/local/lib/python3.11/dis.py", {st_mode=S_IFREG|0644, st_size=28906, ...}, 0) = 0
26    openat(AT_FDCWD, "/usr/local/lib/python3.11/__pycache__/dis.cpython-311.pyc", O_RDONLY|O_CLOEXEC) = 3
26    newfstatat(AT_FDCWD, "/workspace/benchmark/chains/express_amount_trust", {st_mode=S_IFDIR|0775, st_size=4096, ...}, 0) = 0
26    newfstatat(AT_FDCWD, "/usr/local/lib/python3.11", {st_mode=S_IFDIR|0755, st_size=4096, ...}, 0) = 0
26    newfstatat(AT_FDCWD, "/usr/local/lib/python3.11/opcode.py", {st_mode=S_IFREG|0644, st_size=10447, ...}, 0) = 0
26    newfstatat(AT_FDCWD, "/usr/local/lib/python3.11/opcode.py", {st_mode=S_IFREG|0644, st_size=10447, ...}, 0) = 0
26    openat(AT_FDCWD, "/usr/local/lib/python3.11/__pycache__/opcode.cpython-311.pyc", O_RDONLY|O_CLOEXEC) = 3
26    newfstatat(AT_FDCWD, "/workspace/benchmark/chains/express_amount_trust", {st_mode=S_IFDIR|0775, st_size=4096, ...}, 0) = 0
26    newfstatat(AT_FDCWD, "/usr/local/lib/python3.11", {st_mode=S_IFDIR|0755, st_size=4096, ...}, 0) = 0
26    newfstatat(AT_FDCWD, "/usr/local/lib/python3.11/lib-dynload", {st_mode=S_IFDIR|0755, st_size=4096, ...}, 0) = 0
26    newfstatat(AT_FDCWD, "/usr/local/lib/python3.11/lib-dynload/_opcode.cpython-311-x86_64-linux-gnu.so", {st_mode=S_IFREG|0755, st_size=14704, ...}, 0) = 0
26    openat(AT_FDCWD, "/usr/local/lib/python3.11/lib-dynload/_opcode.cpython-311-x86_64-linux-gnu.so", O_RDONLY|O_CLOEXEC) = 3
26    newfstatat(AT_FDCWD, "/workspace/benchmark/chains/express_amount_trust", {st_mode=S_IFDIR|0775, st_size=4096, ...}, 0) = 0
26    newfstatat(AT_FDCWD, "/usr/local/lib/python3.11", {st_mode=S_IFDIR|0755, st_size=4096, ...}, 0) = 0
26    newfstatat(AT_FDCWD, "/usr/local/lib/python3.11/linecache.py", {st_mode=S_IFREG|0644, st_size=5649, ...}, 0) = 0
26    newfstatat(AT_FDCWD, "/usr/local/lib/python3.11/linecache.py", {st_mode=S_IFREG|0644, st_size=5649, ...}, 0) = 0
26    openat(AT_FDCWD, "/usr/local/lib/python3.11/__pycache__/linecache.cpython-311.pyc", O_RDONLY|O_CLOEXEC) = 3
26    newfstatat(AT_FDCWD, "/workspace/benchmark/chains/express_amount_trust", {st_mode=S_IFDIR|0775, st_size=4096, ...}, 0) = 0
26    newfstatat(AT_FDCWD, "/usr/local/lib/python3.11", {st_mode=S_IFDIR|0755, st_size=4096, ...}, 0) = 0
26    newfstatat(AT_FDCWD, "/usr/local/lib/python3.11/tokenize.py", {st_mode=S_IFREG|0644, st_size=26336, ...}, 0) = 0
26    newfstatat(AT_FDCWD, "/usr/local/lib/python3.11/tokenize.py", {st_mode=S_IFREG|0644, st_size=26336, ...}, 0) = 0
26    openat(AT_FDCWD, "/usr/local/lib/python3.11/__pycache__/tokenize.cpython-311.pyc", O_RDONLY|O_CLOEXEC) = 3
26    newfstatat(AT_FDCWD, "/workspace/benchmark/chains/express_amount_trust", {st_mode=S_IFDIR|0775, st_size=4096, ...}, 0) = 0
26    newfstatat(AT_FDCWD, "/usr/local/lib/python3.11", {st_mode=S_IFDIR|0755, st_size=4096, ...}, 0) = 0
26    newfstatat(AT_FDCWD, "/usr/local/lib/python3.11/token.py", {st_mode=S_IFREG|0644, st_size=2386, ...}, 0) = 0
26    newfstatat(AT_FDCWD, "/usr/local/lib/python3.11/token.py", {st_mode=S_IFREG|0644, st_size=2386, ...}, 0) = 0
26    openat(AT_FDCWD, "/usr/local/lib/python3.11/__pycache__/token.cpython-311.pyc", O_RDONLY|O_CLOEXEC) = 3
26    newfstatat(AT_FDCWD, "/workspace/benchmark/chains/express_amount_trust", {st_mode=S_IFDIR|0775, st_size=4096, ...}, 0) = 0
26    newfstatat(AT_FDCWD, "/usr/local/lib/python3.11", {st_mode=S_IFDIR|0755, st_size=4096, ...}, 0) = 0
26    newfstatat(AT_FDCWD, "/usr/local/lib/python3.11/lib-dynload", {st_mode=S_IFDIR|0755, st_size=4096, ...}, 0) = 0
26    newfstatat(AT_FDCWD, "/usr/local/lib/python3.11/lib-dynload/_socket.cpython-311-x86_64-linux-gnu.so", {st_mode=S_IFREG|0755, st_size=96040, ...}, 0) = 0
26    openat(AT_FDCWD, "/usr/local/lib/python3.11/lib-dynload/_socket.cpython-311-x86_64-linux-gnu.so", O_RDONLY|O_CLOEXEC) = 3
26    newfstatat(AT_FDCWD, "/usr/local/lib/python3.11/site-packages/pydantic_core", {st_mode=S_IFDIR|0755, st_size=4096, ...}, 0) = 0
26    newfstatat(AT_FDCWD, "/usr/local/lib/python3.11/site-packages/pydantic_core", {st_mode=S_IFDIR|0755, st_size=4096, ...}, 0) = 0
26    newfstatat(AT_FDCWD, "/usr/local/lib/python3.11/site-packages/pydantic_core", {st_mode=S_IFDIR|0755, st_size=4096, ...}, 0) = 0
26    openat(AT_FDCWD, "/usr/local/lib/python3.11/site-packages/pydantic_core", O_RDONLY|O_NONBLOCK|O_CLOEXEC|O_DIRECTORY) = 3
26    newfstatat(AT_FDCWD, "/usr/local/lib/python3.11/site-packages/pydantic_core/_pydantic_core.cpython-311-x86_64-linux-gnu.so", {st_mode=S_IFREG|0755, st_size=4724240, ...}, 0) = 0
26    openat(AT_FDCWD, "/usr/local/lib/python3.11/site-packages/pydantic_core/_pydantic_core.cpython-311-x86_64-linux-gnu.so", O_RDONLY|O_CLOEXEC) = 3
26    openat(AT_FDCWD, "/etc/ld.so.cache", O_RDONLY|O_CLOEXEC) = 3
26    openat(AT_FDCWD, "/lib/x86_64-linux-gnu/libgcc_s.so.1", O_RDONLY|O_CLOEXEC) = 3
26    openat(AT_FDCWD, "/lib/x86_64-linux-gnu/librt.so.1", O_RDONLY|O_CLOEXEC) = 3
26    openat(AT_FDCWD, "/lib/x86_64-linux-gnu/libpthread.so.0", O_RDONLY|O_CLOEXEC) = 3
26    openat(AT_FDCWD, "/lib/x86_64-linux-gnu/libdl.so.2", O_RDONLY|O_CLOEXEC) = 3
26    newfstatat(AT_FDCWD, "/workspace/benchmark/chains/express_amount_trust", {st_mode=S_IFDIR|0775, st_size=4096, ...}, 0) = 0
26    newfstatat(AT_FDCWD, "/usr/local/lib/python3.11", {st_mode=S_IFDIR|0755, st_size=4096, ...}, 0) = 0
26    newfstatat(AT_FDCWD, "/usr/local/lib/python3.11/datetime.py", {st_mode=S_IFREG|0644, st_size=91832, ...}, 0) = 0
26    newfstatat(AT_FDCWD, "/usr/local/lib/python3.11/datetime.py", {st_mode=S_IFREG|0644, st_size=91832, ...}, 0) = 0
26    openat(AT_FDCWD, "/usr/local/lib/python3.11/__pycache__/datetime.cpython-311.pyc", O_RDONLY|O_CLOEXEC) = 3
26    newfstatat(AT_FDCWD, "/workspace/benchmark/chains/express_amount_trust", {st_mode=S_IFDIR|0775, st_size=4096, ...}, 0) = 0
26    newfstatat(AT_FDCWD, "/usr/local/lib/python3.11", {st_mode=S_IFDIR|0755, st_size=4096, ...}, 0) = 0
26    newfstatat(AT_FDCWD, "/usr/local/lib/python3.11/lib-dynload", {st_mode=S_IFDIR|0755, st_size=4096, ...}, 0) = 0
26    newfstatat(AT_FDCWD, "/usr/local/lib/python3.11/lib-dynload/math.cpython-311-x86_64-linux-gnu.so", {st_mode=S_IFREG|0755, st_size=62096, ...}, 0) = 0
26    openat(AT_FDCWD, "/usr/local/lib/python3.11/lib-dynload/math.cpython-311-x86_64-linux-gnu.so", O_RDONLY|O_CLOEXEC) = 3
26    newfstatat(AT_FDCWD, "/workspace/benchmark/chains/express_amount_trust", {st_mode=S_IFDIR|0775, st_size=4096, ...}, 0) = 0
26    newfstatat(AT_FDCWD, "/usr/local/lib/python3.11", {st_mode=S_IFDIR|0755, st_size=4096, ...}, 0) = 0
26    newfstatat(AT_FDCWD, "/usr/local/lib/python3.11/lib-dynload", {st_mode=S_IFDIR|0755, st_size=4096, ...}, 0) = 0
26    newfstatat(AT_FDCWD, "/usr/local/lib/python3.11/lib-dynload/_datetime.cpython-311-x86_64-linux-gnu.so", {st_mode=S_IFREG|0755, st_size=104904, ...}, 0) = 0
26    openat(AT_FDCWD, "/usr/local/lib/python3.11/lib-dynload/_datetime.cpython-311-x86_64-linux-gnu.so", O_RDONLY|O_CLOEXEC) = 3
26    newfstatat(AT_FDCWD, "/usr/local/lib/python3.11/site-packages/pydantic_core", {st_mode=S_IFDIR|0755, st_size=4096, ...}, 0) = 0
26    newfstatat(AT_FDCWD, "/usr/local/lib/python3.11/site-packages/pydantic_core/core_schema.py", {st_mode=S_IFREG|0644, st_size=155574, ...}, 0) = 0
26    newfstatat(AT_FDCWD, "/usr/local/lib/python3.11/site-packages/pydantic_core/core_schema.py", {st_mode=S_IFREG|0644, st_size=155574, ...}, 0) = 0
26    openat(AT_FDCWD, "/usr/local/lib/python3.11/site-packages/pydantic_core/__pycache__/core_schema.cpython-311.pyc", O_RDONLY|O_CLOEXEC) = 3
26    newfstatat(AT_FDCWD, "/workspace/benchmark/chains/express_amount_trust", {st_mode=S_IFDIR|0775, st_size=4096, ...}, 0) = 0
26    newfstatat(AT_FDCWD, "/usr/local/lib/python3.11", {st_mode=S_IFDIR|0755, st_size=4096, ...}, 0) = 0
26    newfstatat(AT_FDCWD, "/usr/local/lib/python3.11/decimal.py", {st_mode=S_IFREG|0644, st_size=320, ...}, 0) = 0
26    newfstatat(AT_FDCWD, "/usr/local/lib/python3.11/decimal.py", {st_mode=S_IFREG|0644, st_size=320, ...}, 0) = 0
26    openat(AT_FDCWD, "/usr/local/lib/python3.11/__pycache__/decimal.cpython-311.pyc", O_RDONLY|O_CLOEXEC) = 3
26    newfstatat(AT_FDCWD, "/workspace/benchmark/chains/express_amount_trust", {st_mode=S_IFDIR|0775, st_size=4096, ...}, 0) = 0
26    newfstatat(AT_FDCWD, "/usr/local/lib/python3.11", {st_mode=S_IFDIR|0755, st_size=4096, ...}, 0) = 0
26    newfstatat(AT_FDCWD, "/usr/local/lib/python3.11/lib-dynload", {st_mode=S_IFDIR|0755, st_size=4096, ...}, 0) = 0
26    newfstatat(AT_FDCWD, "/usr/local/lib/python3.11/lib-dynload/_decimal.cpython-311-x86_64-linux-gnu.so", {st_mode=S_IFREG|0755, st_size=282256, ...}, 0) = 0
26    openat(AT_FDCWD, "/usr/local/lib/python3.11/lib-dynload/_decimal.cpython-311-x86_64-linux-gnu.so", O_RDONLY|O_CLOEXEC) = 3
26    newfstatat(AT_FDCWD, "/workspace/benchmark/chains/express_amount_trust", {st_mode=S_IFDIR|0775, st_size=4096, ...}, 0) = 0
26    newfstatat(AT_FDCWD, "/usr/local/lib/python3.11", {st_mode=S_IFDIR|0755, st_size=4096, ...}, 0) = 0
26    newfstatat(AT_FDCWD, "/usr/local/lib/python3.11/numbers.py", {st_mode=S_IFREG|0644, st_size=10348, ...}, 0) = 0
26    newfstatat(AT_FDCWD, "/usr/local/lib/python3.11/numbers.py", {st_mode=S_IFREG|0644, st_size=10348, ...}, 0) = 0
26    openat(AT_FDCWD, "/usr/local/lib/python3.11/__pycache__/numbers.cpython-311.pyc", O_RDONLY|O_CLOEXEC) = 3
26    newfstatat(AT_FDCWD, "/usr/local/lib/python3.11/site-packages/pydantic", {st_mode=S_IFDIR|0755, st_size=4096, ...}, 0) = 0
26    newfstatat(AT_FDCWD, "/usr/local/lib/python3.11/site-packages/pydantic/errors.py", {st_mode=S_IFREG|0644, st_size=6013, ...}, 0) = 0
26    newfstatat(AT_FDCWD, "/usr/local/lib/python3.11/site-packages/pydantic/errors.py", {st_mode=S_IFREG|0644, st_size=6013, ...}, 0) = 0
26    openat(AT_FDCWD, "/usr/local/lib/python3.11/site-packages/pydantic/__pycache__/errors.cpython-311.pyc", O_RDONLY|O_CLOEXEC) = 3
26    newfstatat(AT_FDCWD, "/workspace/benchmark/chains/express_amount_trust", {st_mode=S_IFDIR|0775, st_size=4096, ...}, 0) = 0
26    newfstatat(AT_FDCWD, "/usr/local/lib/python3.11", {st_mode=S_IFDIR|0755, st_size=4096, ...}, 0) = 0
26    newfstatat(AT_FDCWD, "/usr/local/lib/python3.11/lib-dynload", {st_mode=S_IFDIR|0755, st_size=4096, ...}, 0) = 0
26    newfstatat(AT_FDCWD, "/usr/local/lib/python3.11/site-packages", {st_mode=S_IFDIR|0755, st_size=4096, ...}, 0) = 0
26    newfstatat(AT_FDCWD, "/usr/local/lib/python3.11/site-packages/typing_inspection/__init__.cpython-311-x86_64-linux-gnu.so", 0x7ffc98f40e40, 0) = -1 ENOENT (No such file or directory)
26    newfstatat(AT_FDCWD, "/usr/local/lib/python3.11/site-packages/typing_inspection/__init__.abi3.so", 0x7ffc98f40e40, 0) = -1 ENOENT (No such file or directory)
26    newfstatat(AT_FDCWD, "/usr/local/lib/python3.11/site-packages/typing_inspection/__init__.so", 0x7ffc98f40e40, 0) = -1 ENOENT (No such file or directory)
26    newfstatat(AT_FDCWD, "/usr/local/lib/python3.11/site-packages/typing_inspection/__init__.py", {st_mode=S_IFREG|0644, st_size=0, ...}, 0) = 0
26    newfstatat(AT_FDCWD, "/usr/local/lib/python3.11/site-packages/typing_inspection/__init__.py", {st_mode=S_IFREG|0644, st_size=0, ...}, 0) = 0
26    openat(AT_FDCWD, "/usr/local/lib/python3.11/site-packages/typing_inspection/__pycache__/__init__.cpython-311.pyc", O_RDONLY|O_CLOEXEC) = 3
26    newfstatat(AT_FDCWD, "/usr/local/lib/python3.11/site-packages/typing_inspection", {st_mode=S_IFDIR|0755, st_size=4096, ...}, 0) = 0
26    newfstatat(AT_FDCWD, "/usr/local/lib/python3.11/site-packages/typing_inspection", {st_mode=S_IFDIR|0755, st_size=4096, ...}, 0) = 0
26    newfstatat(AT_FDCWD, "/usr/local/lib/python3.11/site-packages/typing_inspection", {st_mode=S_IFDIR|0755, st_size=4096, ...}, 0) = 0
26    openat(AT_FDCWD, "/usr/local/lib/python3.11/site-packages/typing_inspection", O_RDONLY|O_NONBLOCK|O_CLOEXEC|O_DIRECTORY) = 3
26    newfstatat(AT_FDCWD, "/usr/local/lib/python3.11/site-packages/typing_inspection/introspection.py", {st_mode=S_IFREG|0644, st_size=22550, ...}, 0) = 0
26    newfstatat(AT_FDCWD, "/usr/local/lib/python3.11/site-packages/typing_inspection/introspection.py", {st_mode=S_IFREG|0644, st_size=22550, ...}, 0) = 0
26    openat(AT_FDCWD, "/usr/local/lib/python3.11/site-packages/typing_inspection/__pycache__/introspection.cpython-311.pyc", O_RDONLY|O_CLOEXEC) = 3
26    newfstatat(AT_FDCWD, "/workspace/benchmark/chains/express_amount_trust", {st_mode=S_IFDIR|0775, st_size=4096, ...}, 0) = 0
26    newfstatat(AT_FDCWD, "/usr/local/lib/python3.11", {st_mode=S_IFDIR|0755, st_size=4096, ...}, 0) = 0
26    newfstatat(AT_FDCWD, "/usr/local/lib/python3.11/dataclasses.py", {st_mode=S_IFREG|0644, st_size=58472, ...}, 0) = 0
26    newfstatat(AT_FDCWD, "/usr/local/lib/python3.11/dataclasses.py", {st_mode=S_IFREG|0644, st_size=58472, ...}, 0) = 0
26    openat(AT_FDCWD, "/usr/local/lib/python3.11/__pycache__/dataclasses.cpython-311.pyc", O_RDONLY|O_CLOEXEC) = 3
26    newfstatat(AT_FDCWD, "/workspace/benchmark/chains/express_amount_trust", {st_mode=S_IFDIR|0775, st_size=4096, ...}, 0) = 0
26    newfstatat(AT_FDCWD, "/usr/local/lib/python3.11", {st_mode=S_IFDIR|0755, st_size=4096, ...}, 0) = 0
26    newfstatat(AT_FDCWD, "/usr/local/lib/python3.11/copy.py", {st_mode=S_IFREG|0644, st_size=8681, ...}, 0) = 0
26    newfstatat(AT_FDCWD, "/usr/local/lib/python3.11/copy.py", {st_mode=S_IFREG|0644, st_size=8681, ...}, 0) = 0
26    openat(AT_FDCWD, "/usr/local/lib/python3.11/__pycache__/copy.cpython-311.pyc", O_RDONLY|O_CLOEXEC) = 3
26    newfstatat(AT_FDCWD, "/workspace/benchmark/chains/express_amount_trust", {st_mode=S_IFDIR|0775, st_size=4096, ...}, 0) = 0
26    newfstatat(AT_FDCWD, "/usr/local/lib/python3.11", {st_mode=S_IFDIR|0755, st_size=4096, ...}, 0) = 0
26    newfstatat(AT_FDCWD, "/usr/local/lib/python3.11/weakref.py", {st_mode=S_IFREG|0644, st_size=21513, ...}, 0) = 0
26    newfstatat(AT_FDCWD, "/usr/local/lib/python3.11/weakref.py", {st_mode=S_IFREG|0644, st_size=21513, ...}, 0) = 0
26    openat(AT_FDCWD, "/usr/local/lib/python3.11/__pycache__/weakref.cpython-311.pyc", O_RDONLY|O_CLOEXEC) = 3
26    newfstatat(AT_FDCWD, "/workspace/benchmark/chains/express_amount_trust", {st_mode=S_IFDIR|0775, st_size=4096, ...}, 0) = 0
26    newfstatat(AT_FDCWD, "/usr/local/lib/python3.11", {st_mode=S_IFDIR|0755, st_size=4096, ...}, 0) = 0
26    newfstatat(AT_FDCWD, "/usr/local/lib/python3.11/_weakrefset.py", {st_mode=S_IFREG|0644, st_size=5893, ...}, 0) = 0
26    newfstatat(AT_FDCWD, "/usr/local/lib/python3.11/_weakrefset.py", {st_mode=S_IFREG|0644, st_size=5893, ...}, 0) = 0
26    openat(AT_FDCWD, "/usr/local/lib/python3.11/__pycache__/_weakrefset.cpython-311.pyc", O_RDONLY|O_CLOEXEC) = 3
26    newfstatat(AT_FDCWD, "/workspace/benchmark/chains/express_amount_trust", {st_mode=S_IFDIR|0775, st_size=4096, ...}, 0) = 0
26    newfstatat(AT_FDCWD, "/usr/local/lib/python3.11", {st_mode=S_IFDIR|0755, st_size=4096, ...}, 0) = 0
26    newfstatat(AT_FDCWD, "/usr/local/lib/python3.11/lib-dynload", {st_mode=S_IFDIR|0755, st_size=4096, ...}, 0) = 0
26    newfstatat(AT_FDCWD, "/usr/local/lib/python3.11/site-packages", {st_mode=S_IFDIR|0755, st_size=4096, ...}, 0) = 0
26    newfstatat(AT_FDCWD, "/workspace", {st_mode=S_IFDIR|0755, st_size=4096, ...}, 0) = 0
26    newfstatat(AT_FDCWD, "/usr/local/lib/python3.11/site-packages/typing_inspection", {st_mode=S_IFDIR|0755, st_size=4096, ...}, 0) = 0
26    newfstatat(AT_FDCWD, "/usr/local/lib/python3.11/site-packages/typing_inspection/typing_objects.py", {st_mode=S_IFREG|0644, st_size=17838, ...}, 0) = 0
26    newfstatat(AT_FDCWD, "/usr/local/lib/python3.11/site-packages/typing_inspection/typing_objects.py", {st_mode=S_IFREG|0644, st_size=17838, ...}, 0) = 0
26    openat(AT_FDCWD, "/usr/local/lib/python3.11/site-packages/typing_inspection/__pycache__/typing_objects.cpython-311.pyc", O_RDONLY|O_CLOEXEC) = 3
26    newfstatat(AT_FDCWD, "/workspace/benchmark/chains/express_amount_trust", {st_mode=S_IFDIR|0775, st_size=4096, ...}, 0) = 0
26    newfstatat(AT_FDCWD, "/usr/local/lib/python3.11", {st_mode=S_IFDIR|0755, st_size=4096, ...}, 0) = 0
26    newfstatat(AT_FDCWD, "/usr/local/lib/python3.11/textwrap.py", {st_mode=S_IFREG|0644, st_size=19718, ...}, 0) = 0
26    newfstatat(AT_FDCWD, "/usr/local/lib/python3.11/textwrap.py", {st_mode=S_IFREG|0644, st_size=19718, ...}, 0) = 0
26    openat(AT_FDCWD, "/usr/local/lib/python3.11/__pycache__/textwrap.cpython-311.pyc", O_RDONLY|O_CLOEXEC) = 3
26    newfstatat(AT_FDCWD, "/usr/local/lib/python3.11/site-packages/pydantic", {st_mode=S_IFDIR|0755, st_size=4096, ...}, 0) = 0
26    newfstatat(AT_FDCWD, "/usr/local/lib/python3.11/site-packages/pydantic/_internal/__init__.cpython-311-x86_64-linux-gnu.so", 0x7ffc98f41260, 0) = -1 ENOENT (No such file or directory)
26    newfstatat(AT_FDCWD, "/usr/local/lib/python3.11/site-packages/pydantic/_internal/__init__.abi3.so", 0x7ffc98f41260, 0) = -1 ENOENT (No such file or directory)
26    newfstatat(AT_FDCWD, "/usr/local/lib/python3.11/site-packages/pydantic/_internal/__init__.so", 0x7ffc98f41260, 0) = -1 ENOENT (No such file or directory)
26    newfstatat(AT_FDCWD, "/usr/local/lib/python3.11/site-packages/pydantic/_internal/__init__.py", {st_mode=S_IFREG|0644, st_size=0, ...}, 0) = 0
26    newfstatat(AT_FDCWD, "/usr/local/lib/python3.11/site-packages/pydantic/_internal/__init__.py", {st_mode=S_IFREG|0644, st_size=0, ...}, 0) = 0
26    openat(AT_FDCWD, "/usr/local/lib/python3.11/site-packages/pydantic/_internal/__pycache__/__init__.cpython-311.pyc", O_RDONLY|O_CLOEXEC) = 3
26    newfstatat(AT_FDCWD, "/usr/local/lib/python3.11/site-packages/pydantic/_internal", {st_mode=S_IFDIR|0755, st_size=4096, ...}, 0) = 0
26    newfstatat(AT_FDCWD, "/usr/local/lib/python3.11/site-packages/pydantic/_internal", {st_mode=S_IFDIR|0755, st_size=4096, ...}, 0) = 0
26    newfstatat(AT_FDCWD, "/usr/local/lib/python3.11/site-packages/pydantic/_internal", {st_mode=S_IFDIR|0755, st_size=4096, ...}, 0) = 0
26    openat(AT_FDCWD, "/usr/local/lib/python3.11/site-packages/pydantic/_internal", O_RDONLY|O_NONBLOCK|O_CLOEXEC|O_DIRECTORY) = 3
26    newfstatat(AT_FDCWD, "/usr/local/lib/python3.11/site-packages/pydantic/_internal/_repr.py", {st_mode=S_IFREG|0644, st_size=5172, ...}, 0) = 0
26    newfstatat(AT_FDCWD, "/usr/local/lib/python3.11/site-packages/pydantic/_internal/_repr.py", {st_mode=S_IFREG|0644, st_size=5172, ...}, 0) = 0
26    openat(AT_FDCWD, "/usr/local/lib/python3.11/site-packages/pydantic/_internal/__pycache__/_repr.cpython-311.pyc", O_RDONLY|O_CLOEXEC) = 3
26    newfstatat(AT_FDCWD, "/usr/local/lib/python3.11/site-packages/pydantic/_internal", {st_mode=S_IFDIR|0755, st_size=4096, ...}, 0) = 0
26    newfstatat(AT_FDCWD, "/usr/local/lib/python3.11/site-packages/pydantic/_internal/_typing_extra.py", {st_mode=S_IFREG|0644, st_size=31574, ...}, 0) = 0
26    newfstatat(AT_FDCWD, "/usr/local/lib/python3.11/site-packages/pydantic/_internal/_typing_extra.py", {st_mode=S_IFREG|0644, st_size=31574, ...}, 0) = 0
26    openat(AT_FDCWD, "/usr/local/lib/python3.11/site-packages/pydantic/_internal/__pycache__/_typing_extra.cpython-311.pyc", O_RDONLY|O_CLOEXEC) = 3
26    newfstatat(AT_FDCWD, "/usr/local/lib/python3.11/site-packages/pydantic/_internal", {st_mode=S_IFDIR|0755, st_size=4096, ...}, 0) = 0
26    newfstatat(AT_FDCWD, "/usr/local/lib/python3.11/site-packages/pydantic/_internal/_namespace_utils.py", {st_mode=S_IFREG|0644, st_size=12878, ...}, 0) = 0
26    newfstatat(AT_FDCWD, "/usr/local/lib/python3.11/site-packages/pydantic/_internal/_namespace_utils.py", {st_mode=S_IFREG|0644, st_size=12878, ...}, 0) = 0
26    openat(AT_FDCWD, "/usr/local/lib/python3.11/site-packages/pydantic/_internal/__pycache__/_namespace_utils.cpython-311.pyc", O_RDONLY|O_CLOEXEC) = 3
26    newfstatat(AT_FDCWD, "/usr/local/lib/python3.11/site-packages/pydantic", {st_mode=S_IFDIR|0755, st_size=4096, ...}, 0) = 0
26    newfstatat(AT_FDCWD, "/usr/local/lib/python3.11/site-packages/pydantic/main.py", {st_mode=S_IFREG|0644, st_size=85334, ...}, 0) = 0
26    newfstatat(AT_FDCWD, "/usr/local/lib/python3.11/site-packages/pydantic/main.py", {st_mode=S_IFREG|0644, st_size=85334, ...}, 0) = 0
26    openat(AT_FDCWD, "/usr/local/lib/python3.11/site-packages/pydantic/__pycache__/main.cpython-311.pyc", O_RDONLY|O_CLOEXEC) = 3
26    newfstatat(AT_FDCWD, "/usr/local/lib/python3.11/site-packages/pydantic/_internal", {st_mode=S_IFDIR|0755, st_size=4096, ...}, 0) = 0
26    newfstatat(AT_FDCWD, "/usr/local/lib/python3.11/site-packages/pydantic/_internal/_config.py", {st_mode=S_IFREG|0644, st_size=14839, ...}, 0) = 0
26    newfstatat(AT_FDCWD, "/usr/local/lib/python3.11/site-packages/pydantic/_internal/_config.py", {st_mode=S_IFREG|0644, st_size=14839, ...}, 0) = 0
26    openat(AT_FDCWD, "/usr/local/lib/python3.11/site-packages/pydantic/_internal/__pycache__/_config.cpython-311.pyc", O_RDONLY|O_CLOEXEC) = 3
26    newfstatat(AT_FDCWD, "/usr/local/lib/python3.11/site-packages/pydantic", {st_mode=S_IFDIR|0755, st_size=4096, ...}, 0) = 0
26    newfstatat(AT_FDCWD, "/usr/local/lib/python3.11/site-packages/pydantic/aliases.py", {st_mode=S_IFREG|0644, st_size=4937, ...}, 0) = 0
26    newfstatat(AT_FDCWD, "/usr/local/lib/python3.11/site-packages/pydantic/aliases.py", {st_mode=S_IFREG|0644, st_size=4937, ...}, 0) = 0
26    openat(AT_FDCWD, "/usr/local/lib/python3.11/site-packages/pydantic/__pycache__/aliases.cpython-311.pyc", O_RDONLY|O_CLOEXEC) = 3
26    newfstatat(AT_FDCWD, "/usr/local/lib/python3.11/site-packages/pydantic/_internal", {st_mode=S_IFDIR|0755, st_size=4096, ...}, 0) = 0
26    newfstatat(AT_FDCWD, "/usr/local/lib/python3.11/site-packages/pydantic/_internal/_internal_dataclass.py", {st_mode=S_IFREG|0644, st_size=144, ...}, 0) = 0
26    newfstatat(AT_FDCWD, "/usr/local/lib/python3.11/site-packages/pydantic/_internal/_internal_dataclass.py", {st_mode=S_IFREG|0644, st_size=144, ...}, 0) = 0
26    openat(AT_FDCWD, "/usr/local/lib/python3.11/site-packages/pydantic/_internal/__pycache__/_internal_dataclass.cpython-311.pyc", O_RDONLY|O_CLOEXEC) = 3
26    newfstatat(AT_FDCWD, "/usr/local/lib/python3.11/site-packages/pydantic", {st_mode=S_IFDIR|0755, st_size=4096, ...}, 0) = 0
26    newfstatat(AT_FDCWD, "/usr/local/lib/python3.11/site-packages/pydantic/config.py", {st_mode=S_IFREG|0644, st_size=44533, ...}, 0) = 0
26    newfstatat(AT_FDCWD, "/usr/local/lib/python3.11/site-packages/pydantic/config.py", {st_mode=S_IFREG|0644, st_size=44533, ...}, 0) = 0
26    openat(AT_FDCWD, "/usr/local/lib/python3.11/site-packages/pydantic/__pycache__/config.cpython-311.pyc", O_RDONLY|O_CLOEXEC) = 3
26    newfstatat(AT_FDCWD, "/usr/local/lib/python3.11/site-packages/pydantic/_internal", {st_mode=S_IFDIR|0755, st_size=4096, ...}, 0) = 0
26    newfstatat(AT_FDCWD, "/usr/local/lib/python3.11/site-packages/pydantic/_internal/_decorators.py", {st_mode=S_IFREG|0644, st_size=33620, ...}, 0) = 0
26    newfstatat(AT_FDCWD, "/usr/local/lib/python3.11/site-packages/pydantic/_internal/_decorators.py", {st_mode=S_IFREG|0644, st_size=33620, ...}, 0) = 0
26    openat(AT_FDCWD, "/usr/local/lib/python3.11/site-packages/pydantic/_internal/__pycache__/_decorators.cpython-311.pyc", O_RDONLY|O_CLOEXEC) = 3
26    newfstatat(AT_FDCWD, "/usr/local/lib/python3.11/site-packages/pydantic/_internal", {st_mode=S_IFDIR|0755, st_size=4096, ...}, 0) = 0
26    newfstatat(AT_FDCWD, "/usr/local/lib/python3.11/site-packages/pydantic/_internal/_core_utils.py", {st_mode=S_IFREG|0644, st_size=6487, ...}, 0) = 0
26    newfstatat(AT_FDCWD, "/usr/local/lib/python3.11/site-packages/pydantic/_internal/_core_utils.py", {st_mode=S_IFREG|0644, st_size=6487, ...}, 0) = 0
26    openat(AT_FDCWD, "/usr/local/lib/python3.11/site-packages/pydantic/_internal/__pycache__/_core_utils.cpython-311.pyc", O_RDONLY|O_CLOEXEC) = 3
26    newfstatat(AT_FDCWD, "/usr/local/lib/python3.11/site-packages/pydantic/_internal", {st_mode=S_IFDIR|0755, st_size=4096, ...}, 0) = 0
26    newfstatat(AT_FDCWD, "/usr/local/lib/python3.11/site-packages/pydantic/_internal/_utils.py", {st_mode=S_IFREG|0644, st_size=15959, ...}, 0) = 0
26    newfstatat(AT_FDCWD, "/usr/local/lib/python3.11/site-packages/pydantic/_internal/_utils.py", {st_mode=S_IFREG|0644, st_size=15959, ...}, 0) = 0
26    openat(AT_FDCWD, "/usr/local/lib/python3.11/site-packages/pydantic/_internal/__pycache__/_utils.cpython-311.pyc", O_RDONLY|O_CLOEXEC) = 3
26    newfstatat(AT_FDCWD, "/usr/local/lib/python3.11/site-packages/pydantic/_internal", {st_mode=S_IFDIR|0755, st_size=4096, ...}, 0) = 0
26    newfstatat(AT_FDCWD, "/usr/local/lib/python3.11/site-packages/pydantic/_internal/_import_utils.py", {st_mode=S_IFREG|0644, st_size=402, ...}, 0) = 0
26    newfstatat(AT_FDCWD, "/usr/local/lib/python3.11/site-packages/pydantic/_internal/_import_utils.py", {st_mode=S_IFREG|0644, st_size=402, ...}, 0) = 0
26    openat(AT_FDCWD, "/usr/local/lib/python3.11/site-packages/pydantic/_internal/__pycache__/_import_utils.cpython-311.pyc", O_RDONLY|O_CLOEXEC) = 3
26    newfstatat(AT_FDCWD, "/usr/local/lib/python3.11/site-packages/pydantic/_internal", {st_mode=S_IFDIR|0755, st_size=4096, ...}, 0) = 0
26    newfstatat(AT_FDCWD, "/usr/local/lib/python3.11/site-packages/pydantic/_internal/_fields.py", {st_mode=S_IFREG|0644, st_size=31557, ...}, 0) = 0
26    newfstatat(AT_FDCWD, "/usr/local/lib/python3.11/site-packages/pydantic/_internal/_fields.py", {st_mode=S_IFREG|0644, st_size=31557, ...}, 0) = 0
26    openat(AT_FDCWD, "/usr/local/lib/python3.11/site-packages/pydantic/_internal/__pycache__/_fields.cpython-311.pyc", O_RDONLY|O_CLOEXEC) = 3
26    newfstatat(AT_FDCWD, "/usr/local/lib/python3.11/site-packages/pydantic/_internal", {st_mode=S_IFDIR|0755, st_size=4096, ...}, 0) = 0
26    newfstatat(AT_FDCWD, "/usr/local/lib/python3.11/site-packages/pydantic/_internal/_generics.py", {st_mode=S_IFREG|0644, st_size=23393, ...}, 0) = 0
26    newfstatat(AT_FDCWD, "/usr/local/lib/python3.11/site-packages/pydantic/_internal/_generics.py", {st_mode=S_IFREG|0644, st_size=23393, ...}, 0) = 0
26    openat(AT_FDCWD, "/usr/local/lib/python3.11/site-packages/pydantic/_internal/__pycache__/_generics.cpython-311.pyc", O_RDONLY|O_CLOEXEC) = 3
26    newfstatat(AT_FDCWD, "/workspace/benchmark/chains/express_amount_trust", {st_mode=S_IFDIR|0775, st_size=4096, ...}, 0) = 0
26    newfstatat(AT_FDCWD, "/usr/local/lib/python3.11", {st_mode=S_IFDIR|0755, st_size=4096, ...}, 0) = 0
26    newfstatat(AT_FDCWD, "/usr/local/lib/python3.11/contextvars.py", {st_mode=S_IFREG|0644, st_size=129, ...}, 0) = 0
26    newfstatat(AT_FDCWD, "/usr/local/lib/python3.11/contextvars.py", {st_mode=S_IFREG|0644, st_size=129, ...}, 0) = 0
26    openat(AT_FDCWD, "/usr/local/lib/python3.11/__pycache__/contextvars.cpython-311.pyc", O_RDONLY|O_CLOEXEC) = 3
26    newfstatat(AT_FDCWD, "/workspace/benchmark/chains/express_amount_trust", {st_mode=S_IFDIR|0775, st_size=4096, ...}, 0) = 0
26    newfstatat(AT_FDCWD, "/usr/local/lib/python3.11", {st_mode=S_IFDIR|0755, st_size=4096, ...}, 0) = 0
26    newfstatat(AT_FDCWD, "/usr/local/lib/python3.11/lib-dynload", {st_mode=S_IFDIR|0755, st_size=4096, ...}, 0) = 0
26    newfstatat(AT_FDCWD, "/usr/local/lib/python3.11/lib-dynload/_contextvars.cpython-311-x86_64-linux-gnu.so", {st_mode=S_IFREG|0755, st_size=14320, ...}, 0) = 0
26    openat(AT_FDCWD, "/usr/local/lib/python3.11/lib-dynload/_contextvars.cpython-311-x86_64-linux-gnu.so", O_RDONLY|O_CLOEXEC) = 3
26    newfstatat(AT_FDCWD, "/usr/local/lib/python3.11/site-packages/pydantic/_internal", {st_mode=S_IFDIR|0755, st_size=4096, ...}, 0) = 0
26    newfstatat(AT_FDCWD, "/usr/local/lib/python3.11/site-packages/pydantic/_internal/_forward_ref.py", {st_mode=S_IFREG|0644, st_size=611, ...}, 0) = 0
26    newfstatat(AT_FDCWD, "/usr/local/lib/python3.11/site-packages/pydantic/_internal/_forward_ref.py", {st_mode=S_IFREG|0644, st_size=611, ...}, 0) = 0
26    openat(AT_FDCWD, "/usr/local/lib/python3.11/site-packages/pydantic/_internal/__pycache__/_forward_ref.cpython-311.pyc", O_RDONLY|O_CLOEXEC) = 3
26    newfstatat(AT_FDCWD, "/usr/local/lib/python3.11/site-packages/pydantic/_internal", {st_mode=S_IFDIR|0755, st_size=4096, ...}, 0) = 0
26    newfstatat(AT_FDCWD, "/usr/local/lib/python3.11/site-packages/pydantic/_internal/_docs_extraction.py", {st_mode=S_IFREG|0644, st_size=4127, ...}, 0) = 0
26    newfstatat(AT_FDCWD, "/usr/local/lib/python3.11/site-packages/pydantic/_internal/_docs_extraction.py", {st_mode=S_IFREG|0644, st_size=4127, ...}, 0) = 0
26    openat(AT_FDCWD, "/usr/local/lib/python3.11/site-packages/pydantic/_internal/__pycache__/_docs_extraction.cpython-311.pyc", O_RDONLY|O_CLOEXEC) = 3
26    newfstatat(AT_FDCWD, "/usr/local/lib/python3.11/site-packages/pydantic/_internal", {st_mode=S_IFDIR|0755, st_size=4096, ...}, 0) = 0
26    newfstatat(AT_FDCWD, "/usr/local/lib/python3.11/site-packages/pydantic/_internal/_mock_val_ser.py", {st_mode=S_IFREG|0644, st_size=8885, ...}, 0) = 0
26    newfstatat(AT_FDCWD, "/usr/local/lib/python3.11/site-packages/pydantic/_internal/_mock_val_ser.py", {st_mode=S_IFREG|0644, st_size=8885, ...}, 0) = 0
26    openat(AT_FDCWD, "/usr/local/lib/python3.11/site-packages/pydantic/_internal/__pycache__/_mock_val_ser.cpython-311.pyc", O_RDONLY|O_CLOEXEC) = 3
26    newfstatat(AT_FDCWD, "/usr/local/lib/python3.11/site-packages/pydantic", {st_mode=S_IFDIR|0755, st_size=4096, ...}, 0) = 0
26    newfstatat(AT_FDCWD, "/usr/local/lib/python3.11/site-packages/pydantic/plugin/__init__.cpython-311-x86_64-linux-gnu.so", 0x7ffc98f40810, 0) = -1 ENOENT (No such file or directory)
26    newfstatat(AT_FDCWD, "/usr/local/lib/python3.11/site-packages/pydantic/plugin/__init__.abi3.so", 0x7ffc98f40810, 0) = -1 ENOENT (No such file or directory)
26    newfstatat(AT_FDCWD, "/usr/local/lib/python3.11/site-packages/pydantic/plugin/__init__.so", 0x7ffc98f40810, 0) = -1 ENOENT (No such file or directory)
26    newfstatat(AT_FDCWD, "/usr/local/lib/python3.11/site-packages/pydantic/plugin/__init__.py", {st_mode=S_IFREG|0644, st_size=7333, ...}, 0) = 0
26    newfstatat(AT_FDCWD, "/usr/local/lib/python3.11/site-packages/pydantic/plugin/__init__.py", {st_mode=S_IFREG|0644, st_size=7333, ...}, 0) = 0
26    openat(AT_FDCWD, "/usr/local/lib/python3.11/site-packages/pydantic/plugin/__pycache__/__init__.cpython-311.pyc", O_RDONLY|O_CLOEXEC) = 3
26    newfstatat(AT_FDCWD, "/usr/local/lib/python3.11/site-packages/pydantic/plugin", {st_mode=S_IFDIR|0755, st_size=4096, ...}, 0) = 0
26    newfstatat(AT_FDCWD, "/usr/local/lib/python3.11/site-packages/pydantic/plugin", {st_mode=S_IFDIR|0755, st_size=4096, ...}, 0) = 0
26    newfstatat(AT_FDCWD, "/usr/local/lib/python3.11/site-packages/pydantic/plugin", {st_mode=S_IFDIR|0755, st_size=4096, ...}, 0) = 0
26    openat(AT_FDCWD, "/usr/local/lib/python3.11/site-packages/pydantic/plugin", O_RDONLY|O_NONBLOCK|O_CLOEXEC|O_DIRECTORY) = 3
26    newfstatat(AT_FDCWD, "/usr/local/lib/python3.11/site-packages/pydantic/plugin/_schema_validator.py", {st_mode=S_IFREG|0644, st_size=5445, ...}, 0) = 0
26    newfstatat(AT_FDCWD, "/usr/local/lib/python3.11/site-packages/pydantic/plugin/_schema_validator.py", {st_mode=S_IFREG|0644, st_size=5445, ...}, 0) = 0
26    openat(AT_FDCWD, "/usr/local/lib/python3.11/site-packages/pydantic/plugin/__pycache__/_schema_validator.cpython-311.pyc", O_RDONLY|O_CLOEXEC) = 3
26    newfstatat(AT_FDCWD, "/usr/local/lib/python3.11/site-packages/pydantic/_internal", {st_mode=S_IFDIR|0755, st_size=4096, ...}, 0) = 0
26    newfstatat(AT_FDCWD, "/usr/local/lib/python3.11/site-packages/pydantic/_internal/_model_construction.py", {st_mode=S_IFREG|0644, st_size=38928, ...}, 0) = 0
26    newfstatat(AT_FDCWD, "/usr/local/lib/python3.11/site-packages/pydantic/_internal/_model_construction.py", {st_mode=S_IFREG|0644, st_size=38928, ...}, 0) = 0
26    openat(AT_FDCWD, "/usr/local/lib/python3.11/site-packages/pydantic/_internal/__pycache__/_model_construction.cpython-311.pyc", O_RDONLY|O_CLOEXEC) = 3
26    newfstatat(AT_FDCWD, "/usr/local/lib/python3.11/site-packages/pydantic/_internal", {st_mode=S_IFDIR|0755, st_size=4096, ...}, 0) = 0
26    newfstatat(AT_FDCWD, "/usr/local/lib/python3.11/site-packages/pydantic/_internal/_generate_schema.py", {st_mode=S_IFREG|0644, st_size=136348, ...}, 0) = 0
26    newfstatat(AT_FDCWD, "/usr/local/lib/python3.11/site-packages/pydantic/_internal/_generate_schema.py", {st_mode=S_IFREG|0644, st_size=136348, ...}, 0) = 0
26    openat(AT_FDCWD, "/usr/local/lib/python3.11/site-packages/pydantic/_internal/__pycache__/_generate_schema.cpython-311.pyc", O_RDONLY|O_CLOEXEC) = 3
26    newfstatat(AT_FDCWD, "/workspace/benchmark/chains/express_amount_trust", {st_mode=S_IFDIR|0775, st_size=4096, ...}, 0) = 0
26    newfstatat(AT_FDCWD, "/usr/local/lib/python3.11", {st_mode=S_IFDIR|0755, st_size=4096, ...}, 0) = 0
26    newfstatat(AT_FDCWD, "/usr/local/lib/python3.11/pathlib.py", {st_mode=S_IFREG|0644, st_size=48566, ...}, 0) = 0
26    newfstatat(AT_FDCWD, "/usr/local/lib/python3.11/pathlib.py", {st_mode=S_IFREG|0644, st_size=48566, ...}, 0) = 0
26    openat(AT_FDCWD, "/usr/local/lib/python3.11/__pycache__/pathlib.cpython-311.pyc", O_RDONLY|O_CLOEXEC) = 3
26    newfstatat(AT_FDCWD, "/workspace/benchmark/chains/express_amount_trust", {st_mode=S_IFDIR|0775, st_size=4096, ...}, 0) = 0
26    newfstatat(AT_FDCWD, "/usr/local/lib/python3.11", {st_mode=S_IFDIR|0755, st_size=4096, ...}, 0) = 0
26    newfstatat(AT_FDCWD, "/usr/local/lib/python3.11/fnmatch.py", {st_mode=S_IFREG|0644, st_size=5999, ...}, 0) = 0
26    newfstatat(AT_FDCWD, "/usr/local/lib/python3.11/fnmatch.py", {st_mode=S_IFREG|0644, st_size=5999, ...}, 0) = 0
26    openat(AT_FDCWD, "/usr/local/lib/python3.11/__pycache__/fnmatch.cpython-311.pyc", O_RDONLY|O_CLOEXEC) = 3
26    newfstatat(AT_FDCWD, "/workspace/benchmark/chains/express_amount_trust", {st_mode=S_IFDIR|0775, st_size=4096, ...}, 0) = 0
26    newfstatat(AT_FDCWD, "/usr/local/lib/python3.11", {st_mode=S_IFDIR|0755, st_size=4096, ...}, 0) = 0
26    newfstatat(AT_FDCWD, "/usr/local/lib/python3.11/lib-dynload", {st_mode=S_IFDIR|0755, st_size=4096, ...}, 0) = 0
26    newfstatat(AT_FDCWD, "/usr/local/lib/python3.11/site-packages", {st_mode=S_IFDIR|0755, st_size=4096, ...}, 0) = 0
26    newfstatat(AT_FDCWD, "/workspace", {st_mode=S_IFDIR|0755, st_size=4096, ...}, 0) = 0
26    newfstatat(AT_FDCWD, "/workspace/benchmark/chains/express_amount_trust", {st_mode=S_IFDIR|0775, st_size=4096, ...}, 0) = 0
26    newfstatat(AT_FDCWD, "/usr/local/lib/python3.11", {st_mode=S_IFDIR|0755, st_size=4096, ...}, 0) = 0
26    newfstatat(AT_FDCWD, "/usr/local/lib/python3.11/lib-dynload", {st_mode=S_IFDIR|0755, st_size=4096, ...}, 0) = 0
26    newfstatat(AT_FDCWD, "/usr/local/lib/python3.11/site-packages", {st_mode=S_IFDIR|0755, st_size=4096, ...}, 0) = 0
26    newfstatat(AT_FDCWD, "/workspace", {st_mode=S_IFDIR|0755, st_size=4096, ...}, 0) = 0
26    newfstatat(AT_FDCWD, "/workspace/benchmark/chains/express_amount_trust", {st_mode=S_IFDIR|0775, st_size=4096, ...}, 0) = 0
26    newfstatat(AT_FDCWD, "/usr/local/lib/python3.11", {st_mode=S_IFDIR|0755, st_size=4096, ...}, 0) = 0
26    newfstatat(AT_FDCWD, "/usr/local/lib/python3.11/lib-dynload", {st_mode=S_IFDIR|0755, st_size=4096, ...}, 0) = 0
26    newfstatat(AT_FDCWD, "/usr/local/lib/python3.11/site-packages", {st_mode=S_IFDIR|0755, st_size=4096, ...}, 0) = 0
26    newfstatat(AT_FDCWD, "/workspace", {st_mode=S_IFDIR|0755, st_size=4096, ...}, 0) = 0
26    newfstatat(AT_FDCWD, "/workspace/benchmark/chains/express_amount_trust", {st_mode=S_IFDIR|0775, st_size=4096, ...}, 0) = 0
26    newfstatat(AT_FDCWD, "/usr/local/lib/python3.11", {st_mode=S_IFDIR|0755, st_size=4096, ...}, 0) = 0
26    newfstatat(AT_FDCWD, "/usr/local/lib/python3.11/lib-dynload", {st_mode=S_IFDIR|0755, st_size=4096, ...}, 0) = 0
26    newfstatat(AT_FDCWD, "/usr/local/lib/python3.11/site-packages", {st_mode=S_IFDIR|0755, st_size=4096, ...}, 0) = 0
26    newfstatat(AT_FDCWD, "/workspace", {st_mode=S_IFDIR|0755, st_size=4096, ...}, 0) = 0
26    newfstatat(AT_FDCWD, "/workspace/benchmark/chains/express_amount_trust", {st_mode=S_IFDIR|0775, st_size=4096, ...}, 0) = 0
26    newfstatat(AT_FDCWD, "/usr/local/lib/python3.11", {st_mode=S_IFDIR|0755, st_size=4096, ...}, 0) = 0
26    newfstatat(AT_FDCWD, "/usr/local/lib/python3.11/lib-dynload", {st_mode=S_IFDIR|0755, st_size=4096, ...}, 0) = 0
26    newfstatat(AT_FDCWD, "/usr/local/lib/python3.11/site-packages", {st_mode=S_IFDIR|0755, st_size=4096, ...}, 0) = 0
26    newfstatat(AT_FDCWD, "/workspace", {st_mode=S_IFDIR|0755, st_size=4096, ...}, 0) = 0
26    newfstatat(AT_FDCWD, "/workspace/benchmark/chains/express_amount_trust", {st_mode=S_IFDIR|0775, st_size=4096, ...}, 0) = 0
26    newfstatat(AT_FDCWD, "/usr/local/lib/python3.11", {st_mode=S_IFDIR|0755, st_size=4096, ...}, 0) = 0
26    newfstatat(AT_FDCWD, "/usr/local/lib/python3.11/lib-dynload", {st_mode=S_IFDIR|0755, st_size=4096, ...}, 0) = 0
26    newfstatat(AT_FDCWD, "/usr/local/lib/python3.11/site-packages", {st_mode=S_IFDIR|0755, st_size=4096, ...}, 0) = 0
26    newfstatat(AT_FDCWD, "/workspace", {st_mode=S_IFDIR|0755, st_size=4096, ...}, 0) = 0
26    newfstatat(AT_FDCWD, "/workspace/benchmark/chains/express_amount_trust", {st_mode=S_IFDIR|0775, st_size=4096, ...}, 0) = 0
26    newfstatat(AT_FDCWD, "/usr/local/lib/python3.11", {st_mode=S_IFDIR|0755, st_size=4096, ...}, 0) = 0
26    newfstatat(AT_FDCWD, "/usr/local/lib/python3.11/urllib/__init__.cpython-311-x86_64-linux-gnu.so", 0x7ffc98f3fad0, 0) = -1 ENOENT (No such file or directory)
26    newfstatat(AT_FDCWD, "/usr/local/lib/python3.11/urllib/__init__.abi3.so", 0x7ffc98f3fad0, 0) = -1 ENOENT (No such file or directory)
26    newfstatat(AT_FDCWD, "/usr/local/lib/python3.11/urllib/__init__.so", 0x7ffc98f3fad0, 0) = -1 ENOENT (No such file or directory)
26    newfstatat(AT_FDCWD, "/usr/local/lib/python3.11/urllib/__init__.py", {st_mode=S_IFREG|0644, st_size=0, ...}, 0) = 0
26    newfstatat(AT_FDCWD, "/usr/local/lib/python3.11/urllib/__init__.py", {st_mode=S_IFREG|0644, st_size=0, ...}, 0) = 0
26    openat(AT_FDCWD, "/usr/local/lib/python3.11/urllib/__pycache__/__init__.cpython-311.pyc", O_RDONLY|O_CLOEXEC) = 3
26    newfstatat(AT_FDCWD, "/usr/local/lib/python3.11/urllib", {st_mode=S_IFDIR|0755, st_size=4096, ...}, 0) = 0
26    newfstatat(AT_FDCWD, "/usr/local/lib/python3.11/urllib", {st_mode=S_IFDIR|0755, st_size=4096, ...}, 0) = 0
26    newfstatat(AT_FDCWD, "/usr/local/lib/python3.11/urllib", {st_mode=S_IFDIR|0755, st_size=4096, ...}, 0) = 0
26    openat(AT_FDCWD, "/usr/local/lib/python3.11/urllib", O_RDONLY|O_NONBLOCK|O_CLOEXEC|O_DIRECTORY) = 3
26    newfstatat(AT_FDCWD, "/usr/local/lib/python3.11/urllib/parse.py", {st_mode=S_IFREG|0644, st_size=44836, ...}, 0) = 0
26    newfstatat(AT_FDCWD, "/usr/local/lib/python3.11/urllib/parse.py", {st_mode=S_IFREG|0644, st_size=44836, ...}, 0) = 0
26    openat(AT_FDCWD, "/usr/local/lib/python3.11/urllib/__pycache__/parse.cpython-311.pyc", O_RDONLY|O_CLOEXEC) = 3
26    newfstatat(AT_FDCWD, "/workspace/benchmark/chains/express_amount_trust", {st_mode=S_IFDIR|0775, st_size=4096, ...}, 0) = 0
26    newfstatat(AT_FDCWD, "/usr/local/lib/python3.11", {st_mode=S_IFDIR|0755, st_size=4096, ...}, 0) = 0
26    newfstatat(AT_FDCWD, "/usr/local/lib/python3.11/ipaddress.py", {st_mode=S_IFREG|0644, st_size=81414, ...}, 0) = 0
26    newfstatat(AT_FDCWD, "/usr/local/lib/python3.11/ipaddress.py", {st_mode=S_IFREG|0644, st_size=81414, ...}, 0) = 0
26    openat(AT_FDCWD, "/usr/local/lib/python3.11/__pycache__/ipaddress.cpython-311.pyc", O_RDONLY|O_CLOEXEC) = 3
26    newfstatat(AT_FDCWD, "/workspace/benchmark/chains/express_amount_trust", {st_mode=S_IFDIR|0775, st_size=4096, ...}, 0) = 0
26    newfstatat(AT_FDCWD, "/usr/local/lib/python3.11", {st_mode=S_IFDIR|0755, st_size=4096, ...}, 0) = 0
26    newfstatat(AT_FDCWD, "/usr/local/lib/python3.11/fractions.py", {st_mode=S_IFREG|0644, st_size=28677, ...}, 0) = 0
26    newfstatat(AT_FDCWD, "/usr/local/lib/python3.11/fractions.py", {st_mode=S_IFREG|0644, st_size=28677, ...}, 0) = 0
26    openat(AT_FDCWD, "/usr/local/lib/python3.11/__pycache__/fractions.cpython-311.pyc", O_RDONLY|O_CLOEXEC) = 3
26    newfstatat(AT_FDCWD, "/workspace/benchmark/chains/express_amount_trust", {st_mode=S_IFDIR|0775, st_size=4096, ...}, 0) = 0
26    newfstatat(AT_FDCWD, "/usr/local/lib/python3.11", {st_mode=S_IFDIR|0755, st_size=4096, ...}, 0) = 0
26    newfstatat(AT_FDCWD, "/usr/local/lib/python3.11/uuid.py", {st_mode=S_IFREG|0644, st_size=27597, ...}, 0) = 0
26    newfstatat(AT_FDCWD, "/usr/local/lib/python3.11/uuid.py", {st_mode=S_IFREG|0644, st_size=27597, ...}, 0) = 0
26    openat(AT_FDCWD, "/usr/local/lib/python3.11/__pycache__/uuid.cpython-311.pyc", O_RDONLY|O_CLOEXEC) = 3
26    newfstatat(AT_FDCWD, "/workspace/benchmark/chains/express_amount_trust", {st_mode=S_IFDIR|0775, st_size=4096, ...}, 0) = 0
26    newfstatat(AT_FDCWD, "/usr/local/lib/python3.11", {st_mode=S_IFDIR|0755, st_size=4096, ...}, 0) = 0
26    newfstatat(AT_FDCWD, "/usr/local/lib/python3.11/platform.py", {st_mode=S_IFREG|0755, st_size=42273, ...}, 0) = 0
26    newfstatat(AT_FDCWD, "/usr/local/lib/python3.11/platform.py", {st_mode=S_IFREG|0755, st_size=42273, ...}, 0) = 0
26    openat(AT_FDCWD, "/usr/local/lib/python3.11/__pycache__/platform.cpython-311.pyc", O_RDONLY|O_CLOEXEC) = 3
26    newfstatat(AT_FDCWD, "/workspace/benchmark/chains/express_amount_trust", {st_mode=S_IFDIR|0775, st_size=4096, ...}, 0) = 0
26    newfstatat(AT_FDCWD, "/usr/local/lib/python3.11", {st_mode=S_IFDIR|0755, st_size=4096, ...}, 0) = 0
26    newfstatat(AT_FDCWD, "/usr/local/lib/python3.11/lib-dynload", {st_mode=S_IFDIR|0755, st_size=4096, ...}, 0) = 0
26    newfstatat(AT_FDCWD, "/usr/local/lib/python3.11/lib-dynload/_uuid.cpython-311-x86_64-linux-gnu.so", {st_mode=S_IFREG|0755, st_size=14504, ...}, 0) = 0
26    openat(AT_FDCWD, "/usr/local/lib/python3.11/lib-dynload/_uuid.cpython-311-x86_64-linux-gnu.so", O_RDONLY|O_CLOEXEC) = 3
26    openat(AT_FDCWD, "/etc/ld.so.cache", O_RDONLY|O_CLOEXEC) = 3
26    openat(AT_FDCWD, "/lib/x86_64-linux-gnu/libuuid.so.1", O_RDONLY|O_CLOEXEC) = 3
26    newfstatat(AT_FDCWD, "/workspace/benchmark/chains/express_amount_trust", {st_mode=S_IFDIR|0775, st_size=4096, ...}, 0) = 0
26    newfstatat(AT_FDCWD, "/usr/local/lib/python3.11", {st_mode=S_IFDIR|0755, st_size=4096, ...}, 0) = 0
26    newfstatat(AT_FDCWD, "/usr/local/lib/python3.11/zoneinfo/__init__.cpython-311-x86_64-linux-gnu.so", 0x7ffc98f40590, 0) = -1 ENOENT (No such file or directory)
26    newfstatat(AT_FDCWD, "/usr/local/lib/python3.11/zoneinfo/__init__.abi3.so", 0x7ffc98f40590, 0) = -1 ENOENT (No such file or directory)
26    newfstatat(AT_FDCWD, "/usr/local/lib/python3.11/zoneinfo/__init__.so", 0x7ffc98f40590, 0) = -1 ENOENT (No such file or directory)
26    newfstatat(AT_FDCWD, "/usr/local/lib/python3.11/zoneinfo/__init__.py", {st_mode=S_IFREG|0644, st_size=703, ...}, 0) = 0
26    newfstatat(AT_FDCWD, "/usr/local/lib/python3.11/zoneinfo/__init__.py", {st_mode=S_IFREG|0644, st_size=703, ...}, 0) = 0
26    openat(AT_FDCWD, "/usr/local/lib/python3.11/zoneinfo/__pycache__/__init__.cpython-311.pyc", O_RDONLY|O_CLOEXEC) = -1 ENOENT (No such file or directory)
26    openat(AT_FDCWD, "/usr/local/lib/python3.11/zoneinfo/__init__.py", O_RDONLY|O_CLOEXEC) = 3
26    newfstatat(AT_FDCWD, "/usr/local/lib/python3.11/zoneinfo/__init__.py", {st_mode=S_IFREG|0644, st_size=703, ...}, 0) = 0
26    newfstatat(AT_FDCWD, "/usr/local/lib/python3.11/zoneinfo/__pycache__", {st_mode=S_IFDIR|0755, st_size=4096, ...}, 0) = 0
26    openat(AT_FDCWD, "/usr/local/lib/python3.11/zoneinfo/__pycache__/__init__.cpython-311.pyc.139768775151792", O_WRONLY|O_CREAT|O_EXCL|O_CLOEXEC, 0644) = 3
26    rename("/usr/local/lib/python3.11/zoneinfo/__pycache__/__init__.cpython-311.pyc.139768775151792", "/usr/local/lib/python3.11/zoneinfo/__pycache__/__init__.cpython-311.pyc") = 0
26    newfstatat(AT_FDCWD, "/usr/local/lib/python3.11/zoneinfo", {st_mode=S_IFDIR|0755, st_size=4096, ...}, 0) = 0
26    newfstatat(AT_FDCWD, "/usr/local/lib/python3.11/zoneinfo", {st_mode=S_IFDIR|0755, st_size=4096, ...}, 0) = 0
26    newfstatat(AT_FDCWD, "/usr/local/lib/python3.11/zoneinfo", {st_mode=S_IFDIR|0755, st_size=4096, ...}, 0) = 0
26    openat(AT_FDCWD, "/usr/local/lib/python3.11/zoneinfo", O_RDONLY|O_NONBLOCK|O_CLOEXEC|O_DIRECTORY) = 3
26    newfstatat(AT_FDCWD, "/usr/local/lib/python3.11/zoneinfo/_tzpath.py", {st_mode=S_IFREG|0644, st_size=5096, ...}, 0) = 0
26    newfstatat(AT_FDCWD, "/usr/local/lib/python3.11/zoneinfo/_tzpath.py", {st_mode=S_IFREG|0644, st_size=5096, ...}, 0) = 0
26    openat(AT_FDCWD, "/usr/local/lib/python3.11/zoneinfo/__pycache__/_tzpath.cpython-311.pyc", O_RDONLY|O_CLOEXEC) = -1 ENOENT (No such file or directory)
26    openat(AT_FDCWD, "/usr/local/lib/python3.11/zoneinfo/_tzpath.py", O_RDONLY|O_CLOEXEC) = 3
26    newfstatat(AT_FDCWD, "/usr/local/lib/python3.11/zoneinfo/_tzpath.py", {st_mode=S_IFREG|0644, st_size=5096, ...}, 0) = 0
26    newfstatat(AT_FDCWD, "/usr/local/lib/python3.11/zoneinfo/__pycache__", {st_mode=S_IFDIR|0755, st_size=4096, ...}, 0) = 0
26    openat(AT_FDCWD, "/usr/local/lib/python3.11/zoneinfo/__pycache__/_tzpath.cpython-311.pyc.139768775155632", O_WRONLY|O_CREAT|O_EXCL|O_CLOEXEC, 0644) = 3
26    rename("/usr/local/lib/python3.11/zoneinfo/__pycache__/_tzpath.cpython-311.pyc.139768775155632", "/usr/local/lib/python3.11/zoneinfo/__pycache__/_tzpath.cpython-311.pyc") = 0
26    newfstatat(AT_FDCWD, "/workspace/benchmark/chains/express_amount_trust", {st_mode=S_IFDIR|0775, st_size=4096, ...}, 0) = 0
26    newfstatat(AT_FDCWD, "/usr/local/lib/python3.11", {st_mode=S_IFDIR|0755, st_size=4096, ...}, 0) = 0
26    newfstatat(AT_FDCWD, "/usr/local/lib/python3.11/sysconfig.py", {st_mode=S_IFREG|0644, st_size=30315, ...}, 0) = 0
26    newfstatat(AT_FDCWD, "/usr/local/lib/python3.11/sysconfig.py", {st_mode=S_IFREG|0644, st_size=30315, ...}, 0) = 0
26    openat(AT_FDCWD, "/usr/local/lib/python3.11/__pycache__/sysconfig.cpython-311.pyc", O_RDONLY|O_CLOEXEC) = 3
26    newfstatat(AT_FDCWD, "/usr", {st_mode=S_IFDIR|0755, st_size=4096, ...}, AT_SYMLINK_NOFOLLOW) = 0
26    newfstatat(AT_FDCWD, "/usr/local", {st_mode=S_IFDIR|0755, st_size=4096, ...}, AT_SYMLINK_NOFOLLOW) = 0
26    newfstatat(AT_FDCWD, "/usr/local/bin", {st_mode=S_IFDIR|0755, st_size=4096, ...}, AT_SYMLINK_NOFOLLOW) = 0
26    newfstatat(AT_FDCWD, "/usr/local/bin/python3", {st_mode=S_IFLNK|0777, st_size=10, ...}, AT_SYMLINK_NOFOLLOW) = 0
26    readlink("/usr/local/bin/python3", "python3.11", 4096) = 10
26    newfstatat(AT_FDCWD, "/usr/local/bin/python3.11", {st_mode=S_IFREG|0755, st_size=14472, ...}, AT_SYMLINK_NOFOLLOW) = 0
26    newfstatat(AT_FDCWD, "/usr/local/bin/Modules/Setup", 0x7ffc98f3f110, 0) = -1 ENOENT (No such file or directory)
26    newfstatat(AT_FDCWD, "/usr/local/bin/Modules/Setup.local", 0x7ffc98f3f110, 0) = -1 ENOENT (No such file or directory)
26    newfstatat(AT_FDCWD, "/workspace/benchmark/chains/express_amount_trust", {st_mode=S_IFDIR|0775, st_size=4096, ...}, 0) = 0
26    newfstatat(AT_FDCWD, "/usr/local/lib/python3.11", {st_mode=S_IFDIR|0755, st_size=4096, ...}, 0) = 0
26    newfstatat(AT_FDCWD, "/usr/local/lib/python3.11/_sysconfigdata__linux_x86_64-linux-gnu.py", {st_mode=S_IFREG|0644, st_size=35184, ...}, 0) = 0
26    newfstatat(AT_FDCWD, "/usr/local/lib/python3.11/_sysconfigdata__linux_x86_64-linux-gnu.py", {st_mode=S_IFREG|0644, st_size=35184, ...}, 0) = 0
26    openat(AT_FDCWD, "/usr/local/lib/python3.11/__pycache__/_sysconfigdata__linux_x86_64-linux-gnu.cpython-311.pyc", O_RDONLY|O_CLOEXEC) = 3
26    newfstatat(AT_FDCWD, "/usr", {st_mode=S_IFDIR|0755, st_size=4096, ...}, AT_SYMLINK_NOFOLLOW) = 0
26    newfstatat(AT_FDCWD, "/usr/local", {st_mode=S_IFDIR|0755, st_size=4096, ...}, AT_SYMLINK_NOFOLLOW) = 0
26    newfstatat(AT_FDCWD, "/usr/local/lib", {st_mode=S_IFDIR|0755, st_size=4096, ...}, AT_SYMLINK_NOFOLLOW) = 0
26    newfstatat(AT_FDCWD, "/usr/local/lib/python3.11", {st_mode=S_IFDIR|0755, st_size=4096, ...}, AT_SYMLINK_NOFOLLOW) = 0
26    newfstatat(AT_FDCWD, "/usr/local/lib/python3.11/config-3.11-x86_64-linux-gnu", {st_mode=S_IFDIR|0755, st_size=4096, ...}, AT_SYMLINK_NOFOLLOW) = 0
26    newfstatat(AT_FDCWD, "/usr/local/lib/python3.11/zoneinfo", {st_mode=S_IFDIR|0755, st_size=4096, ...}, 0) = 0
26    newfstatat(AT_FDCWD, "/usr/local/lib/python3.11/zoneinfo/_common.py", {st_mode=S_IFREG|0644, st_size=5294, ...}, 0) = 0
26    newfstatat(AT_FDCWD, "/usr/local/lib/python3.11/zoneinfo/_common.py", {st_mode=S_IFREG|0644, st_size=5294, ...}, 0) = 0
26    openat(AT_FDCWD, "/usr/local/lib/python3.11/zoneinfo/__pycache__/_common.cpython-311.pyc", O_RDONLY|O_CLOEXEC) = -1 ENOENT (No such file or directory)
26    openat(AT_FDCWD, "/usr/local/lib/python3.11/zoneinfo/_common.py", O_RDONLY|O_CLOEXEC) = 3
26    newfstatat(AT_FDCWD, "/usr/local/lib/python3.11/zoneinfo/_common.py", {st_mode=S_IFREG|0644, st_size=5294, ...}, 0) = 0
26    newfstatat(AT_FDCWD, "/usr/local/lib/python3.11/zoneinfo/__pycache__", {st_mode=S_IFDIR|0755, st_size=4096, ...}, 0) = 0
26    openat(AT_FDCWD, "/usr/local/lib/python3.11/zoneinfo/__pycache__/_common.cpython-311.pyc.139768775158576", O_WRONLY|O_CREAT|O_EXCL|O_CLOEXEC, 0644) = 3
26    rename("/usr/local/lib/python3.11/zoneinfo/__pycache__/_common.cpython-311.pyc.139768775158576", "/usr/local/lib/python3.11/zoneinfo/__pycache__/_common.cpython-311.pyc") = 0
26    newfstatat(AT_FDCWD, "/workspace/benchmark/chains/express_amount_trust", {st_mode=S_IFDIR|0775, st_size=4096, ...}, 0) = 0
26    newfstatat(AT_FDCWD, "/usr/local/lib/python3.11", {st_mode=S_IFDIR|0755, st_size=4096, ...}, 0) = 0
26    newfstatat(AT_FDCWD, "/usr/local/lib/python3.11/struct.py", {st_mode=S_IFREG|0644, st_size=257, ...}, 0) = 0
26    newfstatat(AT_FDCWD, "/usr/local/lib/python3.11/struct.py", {st_mode=S_IFREG|0644, st_size=257, ...}, 0) = 0
26    openat(AT_FDCWD, "/usr/local/lib/python3.11/__pycache__/struct.cpython-311.pyc", O_RDONLY|O_CLOEXEC) = 3
26    newfstatat(AT_FDCWD, "/workspace/benchmark/chains/express_amount_trust", {st_mode=S_IFDIR|0775, st_size=4096, ...}, 0) = 0
26    newfstatat(AT_FDCWD, "/usr/local/lib/python3.11", {st_mode=S_IFDIR|0755, st_size=4096, ...}, 0) = 0
26    newfstatat(AT_FDCWD, "/usr/local/lib/python3.11/lib-dynload", {st_mode=S_IFDIR|0755, st_size=4096, ...}, 0) = 0
26    newfstatat(AT_FDCWD, "/usr/local/lib/python3.11/lib-dynload/_struct.cpython-311-x86_64-linux-gnu.so", {st_mode=S_IFREG|0755, st_size=54864, ...}, 0) = 0
26    openat(AT_FDCWD, "/usr/local/lib/python3.11/lib-dynload/_struct.cpython-311-x86_64-linux-gnu.so", O_RDONLY|O_CLOEXEC) = 3
26    newfstatat(AT_FDCWD, "/workspace/benchmark/chains/express_amount_trust", {st_mode=S_IFDIR|0775, st_size=4096, ...}, 0) = 0
26    newfstatat(AT_FDCWD, "/usr/local/lib/python3.11", {st_mode=S_IFDIR|0755, st_size=4096, ...}, 0) = 0
26    newfstatat(AT_FDCWD, "/usr/local/lib/python3.11/lib-dynload", {st_mode=S_IFDIR|0755, st_size=4096, ...}, 0) = 0
26    newfstatat(AT_FDCWD, "/usr/local/lib/python3.11/lib-dynload/_zoneinfo.cpython-311-x86_64-linux-gnu.so", {st_mode=S_IFREG|0755, st_size=32088, ...}, 0) = 0
26    openat(AT_FDCWD, "/usr/local/lib/python3.11/lib-dynload/_zoneinfo.cpython-311-x86_64-linux-gnu.so", O_RDONLY|O_CLOEXEC) = 3
26    newfstatat(AT_FDCWD, "/usr/local/lib/python3.11/site-packages/pydantic", {st_mode=S_IFDIR|0755, st_size=4096, ...}, 0) = 0
26    newfstatat(AT_FDCWD, "/usr/local/lib/python3.11/site-packages/pydantic/annotated_handlers.py", {st_mode=S_IFREG|0644, st_size=4407, ...}, 0) = 0
26    newfstatat(AT_FDCWD, "/usr/local/lib/python3.11/site-packages/pydantic/annotated_handlers.py", {st_mode=S_IFREG|0644, st_size=4407, ...}, 0) = 0
26    openat(AT_FDCWD, "/usr/local/lib/python3.11/site-packages/pydantic/__pycache__/annotated_handlers.cpython-311.pyc", O_RDONLY|O_CLOEXEC) = 3
26    newfstatat(AT_FDCWD, "/usr/local/lib/python3.11/site-packages/pydantic", {st_mode=S_IFDIR|0755, st_size=4096, ...}, 0) = 0
26    newfstatat(AT_FDCWD, "/usr/local/lib/python3.11/site-packages/pydantic/functional_validators.py", {st_mode=S_IFREG|0644, st_size=31724, ...}, 0) = 0
26    newfstatat(AT_FDCWD, "/usr/local/lib/python3.11/site-packages/pydantic/functional_validators.py", {st_mode=S_IFREG|0644, st_size=31724, ...}, 0) = 0
26    openat(AT_FDCWD, "/usr/local/lib/python3.11/site-packages/pydantic/__pycache__/functional_validators.cpython-311.pyc", O_RDONLY|O_CLOEXEC) = 3
26    newfstatat(AT_FDCWD, "/usr/local/lib/python3.11/site-packages/pydantic", {st_mode=S_IFDIR|0755, st_size=4096, ...}, 0) = 0
26    newfstatat(AT_FDCWD, "/usr/local/lib/python3.11/site-packages/pydantic/json_schema.py", {st_mode=S_IFREG|0644, st_size=125955, ...}, 0) = 0
26    newfstatat(AT_FDCWD, "/usr/local/lib/python3.11/site-packages/pydantic/json_schema.py", {st_mode=S_IFREG|0644, st_size=125955, ...}, 0) = 0
26    openat(AT_FDCWD, "/usr/local/lib/python3.11/site-packages/pydantic/__pycache__/json_schema.cpython-311.pyc", O_RDONLY|O_CLOEXEC) = 3
26    newfstatat(AT_FDCWD, "/usr/local/lib/python3.11/site-packages/pydantic/_internal", {st_mode=S_IFDIR|0755, st_size=4096, ...}, 0) = 0
26    newfstatat(AT_FDCWD, "/usr/local/lib/python3.11/site-packages/pydantic/_internal/_core_metadata.py", {st_mode=S_IFREG|0644, st_size=5162, ...}, 0) = 0
26    newfstatat(AT_FDCWD, "/usr/local/lib/python3.11/site-packages/pydantic/_internal/_core_metadata.py", {st_mode=S_IFREG|0644, st_size=5162, ...}, 0) = 0
26    openat(AT_FDCWD, "/usr/local/lib/python3.11/site-packages/pydantic/_internal/__pycache__/_core_metadata.cpython-311.pyc", O_RDONLY|O_CLOEXEC) = 3
26    newfstatat(AT_FDCWD, "/usr/local/lib/python3.11/site-packages/pydantic/_internal", {st_mode=S_IFDIR|0755, st_size=4096, ...}, 0) = 0
26    newfstatat(AT_FDCWD, "/usr/local/lib/python3.11/site-packages/pydantic/_internal/_schema_generation_shared.py", {st_mode=S_IFREG|0644, st_size=4842, ...}, 0) = 0
26    newfstatat(AT_FDCWD, "/usr/local/lib/python3.11/site-packages/pydantic/_internal/_schema_generation_shared.py", {st_mode=S_IFREG|0644, st_size=4842, ...}, 0) = 0
26    openat(AT_FDCWD, "/usr/local/lib/python3.11/site-packages/pydantic/_internal/__pycache__/_schema_generation_shared.cpython-311.pyc", O_RDONLY|O_CLOEXEC) = 3
26    newfstatat(AT_FDCWD, "/usr/local/lib/python3.11/site-packages/pydantic/_internal", {st_mode=S_IFDIR|0755, st_size=4096, ...}, 0) = 0
26    newfstatat(AT_FDCWD, "/usr/local/lib/python3.11/site-packages/pydantic/_internal/_discriminated_union.py", {st_mode=S_IFREG|0644, st_size=26255, ...}, 0) = 0
26    newfstatat(AT_FDCWD, "/usr/local/lib/python3.11/site-packages/pydantic/_internal/_discriminated_union.py", {st_mode=S_IFREG|0644, st_size=26255, ...}, 0) = 0
26    openat(AT_FDCWD, "/usr/local/lib/python3.11/site-packages/pydantic/_internal/__pycache__/_discriminated_union.cpython-311.pyc", O_RDONLY|O_CLOEXEC) = 3
26    newfstatat(AT_FDCWD, "/usr/local/lib/python3.11/site-packages/pydantic/_internal", {st_mode=S_IFDIR|0755, st_size=4096, ...}, 0) = 0
26    newfstatat(AT_FDCWD, "/usr/local/lib/python3.11/site-packages/pydantic/_internal/_known_annotated_metadata.py", {st_mode=S_IFREG|0644, st_size=16805, ...}, 0) = 0
26    newfstatat(AT_FDCWD, "/usr/local/lib/python3.11/site-packages/pydantic/_internal/_known_annotated_metadata.py", {st_mode=S_IFREG|0644, st_size=16805, ...}, 0) = 0
26    openat(AT_FDCWD, "/usr/local/lib/python3.11/site-packages/pydantic/_internal/__pycache__/_known_annotated_metadata.cpython-311.pyc", O_RDONLY|O_CLOEXEC) = 3
26    newfstatat(AT_FDCWD, "/usr/local/lib/python3.11/site-packages/pydantic/_internal", {st_mode=S_IFDIR|0755, st_size=4096, ...}, 0) = 0
26    newfstatat(AT_FDCWD, "/usr/local/lib/python3.11/site-packages/pydantic/_internal/_schema_gather.py", {st_mode=S_IFREG|0644, st_size=9052, ...}, 0) = 0
26    newfstatat(AT_FDCWD, "/usr/local/lib/python3.11/site-packages/pydantic/_internal/_schema_gather.py", {st_mode=S_IFREG|0644, st_size=9052, ...}, 0) = 0
26    openat(AT_FDCWD, "/usr/local/lib/python3.11/site-packages/pydantic/_internal/__pycache__/_schema_gather.cpython-311.pyc", O_RDONLY|O_CLOEXEC) = 3
26    newfstatat(AT_FDCWD, "/usr/local/lib/python3.11/site-packages/pydantic/_internal", {st_mode=S_IFDIR|0755, st_size=4096, ...}, 0) = 0
26    newfstatat(AT_FDCWD, "/usr/local/lib/python3.11/site-packages/pydantic/_internal/_signature.py", {st_mode=S_IFREG|0644, st_size=6808, ...}, 0) = 0
26    newfstatat(AT_FDCWD, "/usr/local/lib/python3.11/site-packages/pydantic/_internal/_signature.py", {st_mode=S_IFREG|0644, st_size=6808, ...}, 0) = 0
26    openat(AT_FDCWD, "/usr/local/lib/python3.11/site-packages/pydantic/_internal/__pycache__/_signature.cpython-311.pyc", O_RDONLY|O_CLOEXEC) = 3
26    newfstatat(AT_FDCWD, "/usr/local/lib/python3.11/site-packages/pydantic", {st_mode=S_IFDIR|0755, st_size=4096, ...}, 0) = 0
26    newfstatat(AT_FDCWD, "/usr/local/lib/python3.11/site-packages/pydantic/fields.py", {st_mode=S_IFREG|0644, st_size=82023, ...}, 0) = 0
26    newfstatat(AT_FDCWD, "/usr/local/lib/python3.11/site-packages/pydantic/fields.py", {st_mode=S_IFREG|0644, st_size=82023, ...}, 0) = 0
26    openat(AT_FDCWD, "/usr/local/lib/python3.11/site-packages/pydantic/__pycache__/fields.cpython-311.pyc", O_RDONLY|O_CLOEXEC) = 3
26    newfstatat(AT_FDCWD, "/workspace/benchmark/chains/express_amount_trust", {st_mode=S_IFDIR|0775, st_size=4096, ...}, 0) = 0
26    newfstatat(AT_FDCWD, "/usr/local/lib/python3.11", {st_mode=S_IFDIR|0755, st_size=4096, ...}, 0) = 0
26    newfstatat(AT_FDCWD, "/usr/local/lib/python3.11/lib-dynload", {st_mode=S_IFDIR|0755, st_size=4096, ...}, 0) = 0
26    newfstatat(AT_FDCWD, "/usr/local/lib/python3.11/site-packages", {st_mode=S_IFDIR|0755, st_size=4096, ...}, 0) = 0
26    newfstatat(AT_FDCWD, "/usr/local/lib/python3.11/site-packages/annotated_types/__init__.cpython-311-x86_64-linux-gnu.so", 0x7ffc98f416f0, 0) = -1 ENOENT (No such file or directory)
26    newfstatat(AT_FDCWD, "/usr/local/lib/python3.11/site-packages/annotated_types/__init__.abi3.so", 0x7ffc98f416f0, 0) = -1 ENOENT (No such file or directory)
26    newfstatat(AT_FDCWD, "/usr/local/lib/python3.11/site-packages/annotated_types/__init__.so", 0x7ffc98f416f0, 0) = -1 ENOENT (No such file or directory)
26    newfstatat(AT_FDCWD, "/usr/local/lib/python3.11/site-packages/annotated_types/__init__.py", {st_mode=S_IFREG|0644, st_size=13273, ...}, 0) = 0
26    newfstatat(AT_FDCWD, "/usr/local/lib/python3.11/site-packages/annotated_types/__init__.py", {st_mode=S_IFREG|0644, st_size=13273, ...}, 0) = 0
26    openat(AT_FDCWD, "/usr/local/lib/python3.11/site-packages/annotated_types/__pycache__/__init__.cpython-311.pyc", O_RDONLY|O_CLOEXEC) = 3
26    newfstatat(AT_FDCWD, "/usr/local/lib/python3.11/site-packages/pydantic/_internal", {st_mode=S_IFDIR|0755, st_size=4096, ...}, 0) = 0
26    newfstatat(AT_FDCWD, "/usr/local/lib/python3.11/site-packages/pydantic/_internal/_validators.py", {st_mode=S_IFREG|0644, st_size=20563, ...}, 0) = 0
26    newfstatat(AT_FDCWD, "/usr/local/lib/python3.11/site-packages/pydantic/_internal/_validators.py", {st_mode=S_IFREG|0644, st_size=20563, ...}, 0) = 0
26    openat(AT_FDCWD, "/usr/local/lib/python3.11/site-packages/pydantic/_internal/__pycache__/_validators.cpython-311.pyc", O_RDONLY|O_CLOEXEC) = 3
26    newfstatat(AT_FDCWD, "/usr/local/lib/python3.11/site-packages/pydantic", {st_mode=S_IFDIR|0755, st_size=4096, ...}, 0) = 0
26    newfstatat(AT_FDCWD, "/usr/local/lib/python3.11/site-packages/pydantic/types.py", {st_mode=S_IFREG|0644, st_size=105961, ...}, 0) = 0
26    newfstatat(AT_FDCWD, "/usr/local/lib/python3.11/site-packages/pydantic/types.py", {st_mode=S_IFREG|0644, st_size=105961, ...}, 0) = 0
26    openat(AT_FDCWD, "/usr/local/lib/python3.11/site-packages/pydantic/__pycache__/types.cpython-311.pyc", O_RDONLY|O_CLOEXEC) = 3
26    newfstatat(AT_FDCWD, "/workspace/benchmark/chains/express_amount_trust", {st_mode=S_IFDIR|0775, st_size=4096, ...}, 0) = 0
26    newfstatat(AT_FDCWD, "/usr/local/lib/python3.11", {st_mode=S_IFDIR|0755, st_size=4096, ...}, 0) = 0
26    newfstatat(AT_FDCWD, "/usr/local/lib/python3.11/base64.py", {st_mode=S_IFREG|0755, st_size=21028, ...}, 0) = 0
26    newfstatat(AT_FDCWD, "/usr/local/lib/python3.11/base64.py", {st_mode=S_IFREG|0755, st_size=21028, ...}, 0) = 0
26    openat(AT_FDCWD, "/usr/local/lib/python3.11/__pycache__/base64.cpython-311.pyc", O_RDONLY|O_CLOEXEC) = 3
26    newfstatat(AT_FDCWD, "/workspace/benchmark/chains/express_amount_trust", {st_mode=S_IFDIR|0775, st_size=4096, ...}, 0) = 0
26    newfstatat(AT_FDCWD, "/usr/local/lib/python3.11", {st_mode=S_IFDIR|0755, st_size=4096, ...}, 0) = 0
26    newfstatat(AT_FDCWD, "/usr/local/lib/python3.11/lib-dynload", {st_mode=S_IFDIR|0755, st_size=4096, ...}, 0) = 0
26    newfstatat(AT_FDCWD, "/usr/local/lib/python3.11/lib-dynload/binascii.cpython-311-x86_64-linux-gnu.so", {st_mode=S_IFREG|0755, st_size=31984, ...}, 0) = 0
26    openat(AT_FDCWD, "/usr/local/lib/python3.11/lib-dynload/binascii.cpython-311-x86_64-linux-gnu.so", O_RDONLY|O_CLOEXEC) = 3
26    openat(AT_FDCWD, "/etc/ld.so.cache", O_RDONLY|O_CLOEXEC) = 3
26    openat(AT_FDCWD, "/lib/x86_64-linux-gnu/libz.so.1", O_RDONLY|O_CLOEXEC) = 3
26    newfstatat(AT_FDCWD, "/usr/local/lib/python3.11/site-packages/pydantic", {st_mode=S_IFDIR|0755, st_size=4096, ...}, 0) = 0
26    newfstatat(AT_FDCWD, "/usr/local/lib/python3.11/site-packages/pydantic/functional_serializers.py", {st_mode=S_IFREG|0644, st_size=18117, ...}, 0) = 0
26    newfstatat(AT_FDCWD, "/usr/local/lib/python3.11/site-packages/pydantic/functional_serializers.py", {st_mode=S_IFREG|0644, st_size=18117, ...}, 0) = 0
26    openat(AT_FDCWD, "/usr/local/lib/python3.11/site-packages/pydantic/__pycache__/functional_serializers.cpython-311.pyc", O_RDONLY|O_CLOEXEC) = 3
26    newfstatat(AT_FDCWD, "/usr/local/lib/python3.11/site-packages/pydantic/plugin", {st_mode=S_IFDIR|0755, st_size=4096, ...}, 0) = 0
26    newfstatat(AT_FDCWD, "/usr/local/lib/python3.11/site-packages/pydantic/plugin/_loader.py", {st_mode=S_IFREG|0644, st_size=2213, ...}, 0) = 0
26    newfstatat(AT_FDCWD, "/usr/local/lib/python3.11/site-packages/pydantic/plugin/_loader.py", {st_mode=S_IFREG|0644, st_size=2213, ...}, 0) = 0
26    openat(AT_FDCWD, "/usr/local/lib/python3.11/site-packages/pydantic/plugin/__pycache__/_loader.cpython-311.pyc", O_RDONLY|O_CLOEXEC) = 3
26    newfstatat(AT_FDCWD, "/usr/local/lib/python3.11/importlib", {st_mode=S_IFDIR|0755, st_size=4096, ...}, 0) = 0
26    newfstatat(AT_FDCWD, "/usr/local/lib/python3.11/importlib", {st_mode=S_IFDIR|0755, st_size=4096, ...}, 0) = 0
26    newfstatat(AT_FDCWD, "/usr/local/lib/python3.11/importlib", {st_mode=S_IFDIR|0755, st_size=4096, ...}, 0) = 0
26    openat(AT_FDCWD, "/usr/local/lib/python3.11/importlib", O_RDONLY|O_NONBLOCK|O_CLOEXEC|O_DIRECTORY) = 3
26    newfstatat(AT_FDCWD, "/usr/local/lib/python3.11/importlib/metadata/__init__.cpython-311-x86_64-linux-gnu.so", 0x7ffc98f41520, 0) = -1 ENOENT (No such file or directory)
26    newfstatat(AT_FDCWD, "/usr/local/lib/python3.11/importlib/metadata/__init__.abi3.so", 0x7ffc98f41520, 0) = -1 ENOENT (No such file or directory)
26    newfstatat(AT_FDCWD, "/usr/local/lib/python3.11/importlib/metadata/__init__.so", 0x7ffc98f41520, 0) = -1 ENOENT (No such file or directory)
26    newfstatat(AT_FDCWD, "/usr/local/lib/python3.11/importlib/metadata/__init__.py", {st_mode=S_IFREG|0644, st_size=31109, ...}, 0) = 0
26    newfstatat(AT_FDCWD, "/usr/local/lib/python3.11/importlib/metadata/__init__.py", {st_mode=S_IFREG|0644, st_size=31109, ...}, 0) = 0
26    openat(AT_FDCWD, "/usr/local/lib/python3.11/importlib/metadata/__pycache__/__init__.cpython-311.pyc", O_RDONLY|O_CLOEXEC) = 3
26    newfstatat(AT_FDCWD, "/workspace/benchmark/chains/express_amount_trust", {st_mode=S_IFDIR|0775, st_size=4096, ...}, 0) = 0
26    newfstatat(AT_FDCWD, "/usr/local/lib/python3.11", {st_mode=S_IFDIR|0755, st_size=4096, ...}, 0) = 0
26    newfstatat(AT_FDCWD, "/usr/local/lib/python3.11/csv.py", {st_mode=S_IFREG|0644, st_size=16776, ...}, 0) = 0
26    newfstatat(AT_FDCWD, "/usr/local/lib/python3.11/csv.py", {st_mode=S_IFREG|0644, st_size=16776, ...}, 0) = 0
26    openat(AT_FDCWD, "/usr/local/lib/python3.11/__pycache__/csv.cpython-311.pyc", O_RDONLY|O_CLOEXEC) = 3
26    newfstatat(AT_FDCWD, "/workspace/benchmark/chains/express_amount_trust", {st_mode=S_IFDIR|0775, st_size=4096, ...}, 0) = 0
26    newfstatat(AT_FDCWD, "/usr/local/lib/python3.11", {st_mode=S_IFDIR|0755, st_size=4096, ...}, 0) = 0
26    newfstatat(AT_FDCWD, "/usr/local/lib/python3.11/lib-dynload", {st_mode=S_IFDIR|0755, st_size=4096, ...}, 0) = 0
26    newfstatat(AT_FDCWD, "/usr/local/lib/python3.11/lib-dynload/_csv.cpython-311-x86_64-linux-gnu.so", {st_mode=S_IFREG|0755, st_size=37344, ...}, 0) = 0
26    openat(AT_FDCWD, "/usr/local/lib/python3.11/lib-dynload/_csv.cpython-311-x86_64-linux-gnu.so", O_RDONLY|O_CLOEXEC) = 3
26    newfstatat(AT_FDCWD, "/workspace/benchmark/chains/express_amount_trust", {st_mode=S_IFDIR|0775, st_size=4096, ...}, 0) = 0
26    newfstatat(AT_FDCWD, "/usr/local/lib/python3.11", {st_mode=S_IFDIR|0755, st_size=4096, ...}, 0) = 0
26    newfstatat(AT_FDCWD, "/usr/local/lib/python3.11/email/__init__.cpython-311-x86_64-linux-gnu.so", 0x7ffc98f40e80, 0) = -1 ENOENT (No such file or directory)
26    newfstatat(AT_FDCWD, "/usr/local/lib/python3.11/email/__init__.abi3.so", 0x7ffc98f40e80, 0) = -1 ENOENT (No such file or directory)
26    newfstatat(AT_FDCWD, "/usr/local/lib/python3.11/email/__init__.so", 0x7ffc98f40e80, 0) = -1 ENOENT (No such file or directory)
26    newfstatat(AT_FDCWD, "/usr/local/lib/python3.11/email/__init__.py", {st_mode=S_IFREG|0644, st_size=1764, ...}, 0) = 0
26    newfstatat(AT_FDCWD, "/usr/local/lib/python3.11/email/__init__.py", {st_mode=S_IFREG|0644, st_size=1764, ...}, 0) = 0
26    openat(AT_FDCWD, "/usr/local/lib/python3.11/email/__pycache__/__init__.cpython-311.pyc", O_RDONLY|O_CLOEXEC) = 3
26    newfstatat(AT_FDCWD, "/workspace/benchmark/chains/express_amount_trust", {st_mode=S_IFDIR|0775, st_size=4096, ...}, 0) = 0
26    newfstatat(AT_FDCWD, "/usr/local/lib/python3.11", {st_mode=S_IFDIR|0755, st_size=4096, ...}, 0) = 0
26    newfstatat(AT_FDCWD, "/usr/local/lib/python3.11/zipfile.py", {st_mode=S_IFREG|0644, st_size=94920, ...}, 0) = 0
26    newfstatat(AT_FDCWD, "/usr/local/lib/python3.11/zipfile.py", {st_mode=S_IFREG|0644, st_size=94920, ...}, 0) = 0
26    openat(AT_FDCWD, "/usr/local/lib/python3.11/__pycache__/zipfile.cpython-311.pyc", O_RDONLY|O_CLOEXEC) = 3
26    newfstatat(AT_FDCWD, "/usr/local/lib/python3.11/importlib", {st_mode=S_IFDIR|0755, st_size=4096, ...}, 0) = 0
26    newfstatat(AT_FDCWD, "/usr/local/lib/python3.11/importlib/_abc.py", {st_mode=S_IFREG|0644, st_size=1852, ...}, 0) = 0
26    newfstatat(AT_FDCWD, "/usr/local/lib/python3.11/importlib/_abc.py", {st_mode=S_IFREG|0644, st_size=1852, ...}, 0) = 0
26    openat(AT_FDCWD, "/usr/local/lib/python3.11/importlib/__pycache__/_abc.cpython-311.pyc", O_RDONLY|O_CLOEXEC) = 3
26    newfstatat(AT_FDCWD, "/workspace/benchmark/chains/express_amount_trust", {st_mode=S_IFDIR|0775, st_size=4096, ...}, 0) = 0
26    newfstatat(AT_FDCWD, "/usr/local/lib/python3.11", {st_mode=S_IFDIR|0755, st_size=4096, ...}, 0) = 0
26    newfstatat(AT_FDCWD, "/usr/local/lib/python3.11/threading.py", {st_mode=S_IFREG|0644, st_size=58231, ...}, 0) = 0
26    newfstatat(AT_FDCWD, "/usr/local/lib/python3.11/threading.py", {st_mode=S_IFREG|0644, st_size=58231, ...}, 0) = 0
26    openat(AT_FDCWD, "/usr/local/lib/python3.11/__pycache__/threading.cpython-311.pyc", O_RDONLY|O_CLOEXEC) = 3
26    newfstatat(AT_FDCWD, "/workspace/benchmark/chains/express_amount_trust", {st_mode=S_IFDIR|0775, st_size=4096, ...}, 0) = 0
26    newfstatat(AT_FDCWD, "/usr/local/lib/python3.11", {st_mode=S_IFDIR|0755, st_size=4096, ...}, 0) = 0
26    newfstatat(AT_FDCWD, "/usr/local/lib/python3.11/shutil.py", {st_mode=S_IFREG|0644, st_size=55953, ...}, 0) = 0
26    newfstatat(AT_FDCWD, "/usr/local/lib/python3.11/shutil.py", {st_mode=S_IFREG|0644, st_size=55953, ...}, 0) = 0
26    openat(AT_FDCWD, "/usr/local/lib/python3.11/__pycache__/shutil.cpython-311.pyc", O_RDONLY|O_CLOEXEC) = 3
26    newfstatat(AT_FDCWD, "/workspace/benchmark/chains/express_amount_trust", {st_mode=S_IFDIR|0775, st_size=4096, ...}, 0) = 0
26    newfstatat(AT_FDCWD, "/usr/local/lib/python3.11", {st_mode=S_IFDIR|0755, st_size=4096, ...}, 0) = 0
26    newfstatat(AT_FDCWD, "/usr/local/lib/python3.11/lib-dynload", {st_mode=S_IFDIR|0755, st_size=4096, ...}, 0) = 0
26    newfstatat(AT_FDCWD, "/usr/local/lib/python3.11/lib-dynload/zlib.cpython-311-x86_64-linux-gnu.so", {st_mode=S_IFREG|0755, st_size=41104, ...}, 0) = 0
26    openat(AT_FDCWD, "/usr/local/lib/python3.11/lib-dynload/zlib.cpython-311-x86_64-linux-gnu.so", O_RDONLY|O_CLOEXEC) = 3
26    newfstatat(AT_FDCWD, "/workspace/benchmark/chains/express_amount_trust", {st_mode=S_IFDIR|0775, st_size=4096, ...}, 0) = 0
26    newfstatat(AT_FDCWD, "/usr/local/lib/python3.11", {st_mode=S_IFDIR|0755, st_size=4096, ...}, 0) = 0
26    newfstatat(AT_FDCWD, "/usr/local/lib/python3.11/bz2.py", {st_mode=S_IFREG|0644, st_size=11847, ...}, 0) = 0
26    newfstatat(AT_FDCWD, "/usr/local/lib/python3.11/bz2.py", {st_mode=S_IFREG|0644, st_size=11847, ...}, 0) = 0
26    openat(AT_FDCWD, "/usr/local/lib/python3.11/__pycache__/bz2.cpython-311.pyc", O_RDONLY|O_CLOEXEC) = 3
26    newfstatat(AT_FDCWD, "/workspace/benchmark/chains/express_amount_trust", {st_mode=S_IFDIR|0775, st_size=4096, ...}, 0) = 0
26    newfstatat(AT_FDCWD, "/usr/local/lib/python3.11", {st_mode=S_IFDIR|0755, st_size=4096, ...}, 0) = 0
26    newfstatat(AT_FDCWD, "/usr/local/lib/python3.11/_compression.py", {st_mode=S_IFREG|0644, st_size=5681, ...}, 0) = 0
26    newfstatat(AT_FDCWD, "/usr/local/lib/python3.11/_compression.py", {st_mode=S_IFREG|0644, st_size=5681, ...}, 0) = 0
26    openat(AT_FDCWD, "/usr/local/lib/python3.11/__pycache__/_compression.cpython-311.pyc", O_RDONLY|O_CLOEXEC) = 3
26    newfstatat(AT_FDCWD, "/workspace/benchmark/chains/express_amount_trust", {st_mode=S_IFDIR|0775, st_size=4096, ...}, 0) = 0
26    newfstatat(AT_FDCWD, "/usr/local/lib/python3.11", {st_mode=S_IFDIR|0755, st_size=4096, ...}, 0) = 0
26    newfstatat(AT_FDCWD, "/usr/local/lib/python3.11/lib-dynload", {st_mode=S_IFDIR|0755, st_size=4096, ...}, 0) = 0
26    newfstatat(AT_FDCWD, "/usr/local/lib/python3.11/lib-dynload/_bz2.cpython-311-x86_64-linux-gnu.so", {st_mode=S_IFREG|0755, st_size=27824, ...}, 0) = 0
26    openat(AT_FDCWD, "/usr/local/lib/python3.11/lib-dynload/_bz2.cpython-311-x86_64-linux-gnu.so", O_RDONLY|O_CLOEXEC) = 3
26    openat(AT_FDCWD, "/etc/ld.so.cache", O_RDONLY|O_CLOEXEC) = 3
26    openat(AT_FDCWD, "/lib/x86_64-linux-gnu/libbz2.so.1.0", O_RDONLY|O_CLOEXEC) = 3
26    newfstatat(AT_FDCWD, "/workspace/benchmark/chains/express_amount_trust", {st_mode=S_IFDIR|0775, st_size=4096, ...}, 0) = 0
26    newfstatat(AT_FDCWD, "/usr/local/lib/python3.11", {st_mode=S_IFDIR|0755, st_size=4096, ...}, 0) = 0
26    newfstatat(AT_FDCWD, "/usr/local/lib/python3.11/lzma.py", {st_mode=S_IFREG|0644, st_size=13277, ...}, 0) = 0
26    newfstatat(AT_FDCWD, "/usr/local/lib/python3.11/lzma.py", {st_mode=S_IFREG|0644, st_size=13277, ...}, 0) = 0
26    openat(AT_FDCWD, "/usr/local/lib/python3.11/__pycache__/lzma.cpython-311.pyc", O_RDONLY|O_CLOEXEC) = 3
26    newfstatat(AT_FDCWD, "/workspace/benchmark/chains/express_amount_trust", {st_mode=S_IFDIR|0775, st_size=4096, ...}, 0) = 0
26    newfstatat(AT_FDCWD, "/usr/local/lib/python3.11", {st_mode=S_IFDIR|0755, st_size=4096, ...}, 0) = 0
26    newfstatat(AT_FDCWD, "/usr/local/lib/python3.11/lib-dynload", {st_mode=S_IFDIR|0755, st_size=4096, ...}, 0) = 0
26    newfstatat(AT_FDCWD, "/usr/local/lib/python3.11/lib-dynload/_lzma.cpython-311-x86_64-linux-gnu.so", {st_mode=S_IFREG|0755, st_size=44944, ...}, 0) = 0
26    openat(AT_FDCWD, "/usr/local/lib/python3.11/lib-dynload/_lzma.cpython-311-x86_64-linux-gnu.so", O_RDONLY|O_CLOEXEC) = 3
26    openat(AT_FDCWD, "/etc/ld.so.cache", O_RDONLY|O_CLOEXEC) = 3
26    openat(AT_FDCWD, "/lib/x86_64-linux-gnu/liblzma.so.5", O_RDONLY|O_CLOEXEC) = 3
26    newfstatat(AT_FDCWD, "/usr/local/lib/python3.11/importlib/metadata", {st_mode=S_IFDIR|0755, st_size=4096, ...}, 0) = 0
26    newfstatat(AT_FDCWD, "/usr/local/lib/python3.11/importlib/metadata", {st_mode=S_IFDIR|0755, st_size=4096, ...}, 0) = 0
26    newfstatat(AT_FDCWD, "/usr/local/lib/python3.11/importlib/metadata", {st_mode=S_IFDIR|0755, st_size=4096, ...}, 0) = 0
26    openat(AT_FDCWD, "/usr/local/lib/python3.11/importlib/metadata", O_RDONLY|O_NONBLOCK|O_CLOEXEC|O_DIRECTORY) = 3
26    newfstatat(AT_FDCWD, "/usr/local/lib/python3.11/importlib/metadata/_adapters.py", {st_mode=S_IFREG|0644, st_size=1862, ...}, 0) = 0
26    newfstatat(AT_FDCWD, "/usr/local/lib/python3.11/importlib/metadata/_adapters.py", {st_mode=S_IFREG|0644, st_size=1862, ...}, 0) = 0
26    openat(AT_FDCWD, "/usr/local/lib/python3.11/importlib/metadata/__pycache__/_adapters.cpython-311.pyc", O_RDONLY|O_CLOEXEC) = 3
26    newfstatat(AT_FDCWD, "/usr/local/lib/python3.11/email", {st_mode=S_IFDIR|0755, st_size=4096, ...}, 0) = 0
26    newfstatat(AT_FDCWD, "/usr/local/lib/python3.11/email", {st_mode=S_IFDIR|0755, st_size=4096, ...}, 0) = 0
26    newfstatat(AT_FDCWD, "/usr/local/lib/python3.11/email", {st_mode=S_IFDIR|0755, st_size=4096, ...}, 0) = 0
26    openat(AT_FDCWD, "/usr/local/lib/python3.11/email", O_RDONLY|O_NONBLOCK|O_CLOEXEC|O_DIRECTORY) = 3
26    newfstatat(AT_FDCWD, "/usr/local/lib/python3.11/email/message.py", {st_mode=S_IFREG|0644, st_size=48210, ...}, 0) = 0
26    newfstatat(AT_FDCWD, "/usr/local/lib/python3.11/email/message.py", {st_mode=S_IFREG|0644, st_size=48210, ...}, 0) = 0
26    openat(AT_FDCWD, "/usr/local/lib/python3.11/email/__pycache__/message.cpython-311.pyc", O_RDONLY|O_CLOEXEC) = 3
26    newfstatat(AT_FDCWD, "/workspace/benchmark/chains/express_amount_trust", {st_mode=S_IFDIR|0775, st_size=4096, ...}, 0) = 0
26    newfstatat(AT_FDCWD, "/usr/local/lib/python3.11", {st_mode=S_IFDIR|0755, st_size=4096, ...}, 0) = 0
26    newfstatat(AT_FDCWD, "/usr/local/lib/python3.11/quopri.py", {st_mode=S_IFREG|0755, st_size=7268, ...}, 0) = 0
26    newfstatat(AT_FDCWD, "/usr/local/lib/python3.11/quopri.py", {st_mode=S_IFREG|0755, st_size=7268, ...}, 0) = 0
26    openat(AT_FDCWD, "/usr/local/lib/python3.11/__pycache__/quopri.cpython-311.pyc", O_RDONLY|O_CLOEXEC) = 3
26    newfstatat(AT_FDCWD, "/usr/local/lib/python3.11/email", {st_mode=S_IFDIR|0755, st_size=4096, ...}, 0) = 0
26    newfstatat(AT_FDCWD, "/usr/local/lib/python3.11/email/utils.py", {st_mode=S_IFREG|0644, st_size=17222, ...}, 0) = 0
26    newfstatat(AT_FDCWD, "/usr/local/lib/python3.11/email/utils.py", {st_mode=S_IFREG|0644, st_size=17222, ...}, 0) = 0
26    openat(AT_FDCWD, "/usr/local/lib/python3.11/email/__pycache__/utils.cpython-311.pyc", O_RDONLY|O_CLOEXEC) = 3
26    newfstatat(AT_FDCWD, "/workspace/benchmark/chains/express_amount_trust", {st_mode=S_IFDIR|0775, st_size=4096, ...}, 0) = 0
26    newfstatat(AT_FDCWD, "/usr/local/lib/python3.11", {st_mode=S_IFDIR|0755, st_size=4096, ...}, 0) = 0
26    newfstatat(AT_FDCWD, "/usr/local/lib/python3.11/random.py", {st_mode=S_IFREG|0644, st_size=32162, ...}, 0) = 0
26    newfstatat(AT_FDCWD, "/usr/local/lib/python3.11/random.py", {st_mode=S_IFREG|0644, st_size=32162, ...}, 0) = 0
26    openat(AT_FDCWD, "/usr/local/lib/python3.11/__pycache__/random.cpython-311.pyc", O_RDONLY|O_CLOEXEC) = 3
26    newfstatat(AT_FDCWD, "/workspace/benchmark/chains/express_amount_trust", {st_mode=S_IFDIR|0775, st_size=4096, ...}, 0) = 0
26    newfstatat(AT_FDCWD, "/usr/local/lib/python3.11", {st_mode=S_IFDIR|0755, st_size=4096, ...}, 0) = 0
26    newfstatat(AT_FDCWD, "/usr/local/lib/python3.11/bisect.py", {st_mode=S_IFREG|0644, st_size=3135, ...}, 0) = 0
26    newfstatat(AT_FDCWD, "/usr/local/lib/python3.11/bisect.py", {st_mode=S_IFREG|0644, st_size=3135, ...}, 0) = 0
26    openat(AT_FDCWD, "/usr/local/lib/python3.11/__pycache__/bisect.cpython-311.pyc", O_RDONLY|O_CLOEXEC) = 3
26    newfstatat(AT_FDCWD, "/workspace/benchmark/chains/express_amount_trust", {st_mode=S_IFDIR|0775, st_size=4096, ...}, 0) = 0
26    newfstatat(AT_FDCWD, "/usr/local/lib/python3.11", {st_mode=S_IFDIR|0755, st_size=4096, ...}, 0) = 0
26    newfstatat(AT_FDCWD, "/usr/local/lib/python3.11/lib-dynload", {st_mode=S_IFDIR|0755, st_size=4096, ...}, 0) = 0
26    newfstatat(AT_FDCWD, "/usr/local/lib/python3.11/lib-dynload/_bisect.cpython-311-x86_64-linux-gnu.so", {st_mode=S_IFREG|0755, st_size=15056, ...}, 0) = 0
26    openat(AT_FDCWD, "/usr/local/lib/python3.11/lib-dynload/_bisect.cpython-311-x86_64-linux-gnu.so", O_RDONLY|O_CLOEXEC) = 3
26    newfstatat(AT_FDCWD, "/workspace/benchmark/chains/express_amount_trust", {st_mode=S_IFDIR|0775, st_size=4096, ...}, 0) = 0
26    newfstatat(AT_FDCWD, "/usr/local/lib/python3.11", {st_mode=S_IFDIR|0755, st_size=4096, ...}, 0) = 0
26    newfstatat(AT_FDCWD, "/usr/local/lib/python3.11/lib-dynload", {st_mode=S_IFDIR|0755, st_size=4096, ...}, 0) = 0
26    newfstatat(AT_FDCWD, "/usr/local/lib/python3.11/lib-dynload/_random.cpython-311-x86_64-linux-gnu.so", {st_mode=S_IFREG|0755, st_size=19104, ...}, 0) = 0
26    openat(AT_FDCWD, "/usr/local/lib/python3.11/lib-dynload/_random.cpython-311-x86_64-linux-gnu.so", O_RDONLY|O_CLOEXEC) = 3
26    newfstatat(AT_FDCWD, "/workspace/benchmark/chains/express_amount_trust", {st_mode=S_IFDIR|0775, st_size=4096, ...}, 0) = 0
26    newfstatat(AT_FDCWD, "/usr/local/lib/python3.11", {st_mode=S_IFDIR|0755, st_size=4096, ...}, 0) = 0
26    newfstatat(AT_FDCWD, "/usr/local/lib/python3.11/lib-dynload", {st_mode=S_IFDIR|0755, st_size=4096, ...}, 0) = 0
26    newfstatat(AT_FDCWD, "/usr/local/lib/python3.11/lib-dynload/_sha512.cpython-311-x86_64-linux-gnu.so", {st_mode=S_IFREG|0755, st_size=31920, ...}, 0) = 0
26    openat(AT_FDCWD, "/usr/local/lib/python3.11/lib-dynload/_sha512.cpython-311-x86_64-linux-gnu.so", O_RDONLY|O_CLOEXEC) = 3
26    newfstatat(AT_FDCWD, "/workspace/benchmark/chains/express_amount_trust", {st_mode=S_IFDIR|0775, st_size=4096, ...}, 0) = 0
26    newfstatat(AT_FDCWD, "/usr/local/lib/python3.11", {st_mode=S_IFDIR|0755, st_size=4096, ...}, 0) = 0
26    newfstatat(AT_FDCWD, "/usr/local/lib/python3.11/socket.py", {st_mode=S_IFREG|0644, st_size=37557, ...}, 0) = 0
26    newfstatat(AT_FDCWD, "/usr/local/lib/python3.11/socket.py", {st_mode=S_IFREG|0644, st_size=37557, ...}, 0) = 0
26    openat(AT_FDCWD, "/usr/local/lib/python3.11/__pycache__/socket.cpython-311.pyc", O_RDONLY|O_CLOEXEC) = 3
26    newfstatat(AT_FDCWD, "/workspace/benchmark/chains/express_amount_trust", {st_mode=S_IFDIR|0775, st_size=4096, ...}, 0) = 0
26    newfstatat(AT_FDCWD, "/usr/local/lib/python3.11", {st_mode=S_IFDIR|0755, st_size=4096, ...}, 0) = 0
26    newfstatat(AT_FDCWD, "/usr/local/lib/python3.11/selectors.py", {st_mode=S_IFREG|0644, st_size=19671, ...}, 0) = 0
26    newfstatat(AT_FDCWD, "/usr/local/lib/python3.11/selectors.py", {st_mode=S_IFREG|0644, st_size=19671, ...}, 0) = 0
26    openat(AT_FDCWD, "/usr/local/lib/python3.11/__pycache__/selectors.cpython-311.pyc", O_RDONLY|O_CLOEXEC) = 3
26    newfstatat(AT_FDCWD, "/workspace/benchmark/chains/express_amount_trust", {st_mode=S_IFDIR|0775, st_size=4096, ...}, 0) = 0
26    newfstatat(AT_FDCWD, "/usr/local/lib/python3.11", {st_mode=S_IFDIR|0755, st_size=4096, ...}, 0) = 0
26    newfstatat(AT_FDCWD, "/usr/local/lib/python3.11/lib-dynload", {st_mode=S_IFDIR|0755, st_size=4096, ...}, 0) = 0
26    newfstatat(AT_FDCWD, "/usr/local/lib/python3.11/lib-dynload/select.cpython-311-x86_64-linux-gnu.so", {st_mode=S_IFREG|0755, st_size=32576, ...}, 0) = 0
26    openat(AT_FDCWD, "/usr/local/lib/python3.11/lib-dynload/select.cpython-311-x86_64-linux-gnu.so", O_RDONLY|O_CLOEXEC) = 3
26    newfstatat(AT_FDCWD, "/workspace/benchmark/chains/express_amount_trust", {st_mode=S_IFDIR|0775, st_size=4096, ...}, 0) = 0
26    newfstatat(AT_FDCWD, "/usr/local/lib/python3.11", {st_mode=S_IFDIR|0755, st_size=4096, ...}, 0) = 0
26    newfstatat(AT_FDCWD, "/usr/local/lib/python3.11/lib-dynload", {st_mode=S_IFDIR|0755, st_size=4096, ...}, 0) = 0
26    newfstatat(AT_FDCWD, "/usr/local/lib/python3.11/lib-dynload/array.cpython-311-x86_64-linux-gnu.so", {st_mode=S_IFREG|0755, st_size=66304, ...}, 0) = 0
26    openat(AT_FDCWD, "/usr/local/lib/python3.11/lib-dynload/array.cpython-311-x86_64-linux-gnu.so", O_RDONLY|O_CLOEXEC) = 3
26    newfstatat(AT_FDCWD, "/usr/local/lib/python3.11/email", {st_mode=S_IFDIR|0755, st_size=4096, ...}, 0) = 0
26    newfstatat(AT_FDCWD, "/usr/local/lib/python3.11/email/_parseaddr.py", {st_mode=S_IFREG|0644, st_size=17821, ...}, 0) = 0
26    newfstatat(AT_FDCWD, "/usr/local/lib/python3.11/email/_parseaddr.py", {st_mode=S_IFREG|0644, st_size=17821, ...}, 0) = 0
26    openat(AT_FDCWD, "/usr/local/lib/python3.11/email/__pycache__/_parseaddr.cpython-311.pyc", O_RDONLY|O_CLOEXEC) = 3
26    newfstatat(AT_FDCWD, "/workspace/benchmark/chains/express_amount_trust", {st_mode=S_IFDIR|0775, st_size=4096, ...}, 0) = 0
26    newfstatat(AT_FDCWD, "/usr/local/lib/python3.11", {st_mode=S_IFDIR|0755, st_size=4096, ...}, 0) = 0
26    newfstatat(AT_FDCWD, "/usr/local/lib/python3.11/calendar.py", {st_mode=S_IFREG|0644, st_size=24731, ...}, 0) = 0
26    newfstatat(AT_FDCWD, "/usr/local/lib/python3.11/calendar.py", {st_mode=S_IFREG|0644, st_size=24731, ...}, 0) = 0
26    openat(AT_FDCWD, "/usr/local/lib/python3.11/__pycache__/calendar.cpython-311.pyc", O_RDONLY|O_CLOEXEC) = 3
26    newfstatat(AT_FDCWD, "/workspace/benchmark/chains/express_amount_trust", {st_mode=S_IFDIR|0775, st_size=4096, ...}, 0) = 0
26    newfstatat(AT_FDCWD, "/usr/local/lib/python3.11", {st_mode=S_IFDIR|0755, st_size=4096, ...}, 0) = 0
26    newfstatat(AT_FDCWD, "/usr/local/lib/python3.11/locale.py", {st_mode=S_IFREG|0644, st_size=79095, ...}, 0) = 0
26    newfstatat(AT_FDCWD, "/usr/local/lib/python3.11/locale.py", {st_mode=S_IFREG|0644, st_size=79095, ...}, 0) = 0
26    openat(AT_FDCWD, "/usr/local/lib/python3.11/__pycache__/locale.cpython-311.pyc", O_RDONLY|O_CLOEXEC) = 3
26    newfstatat(AT_FDCWD, "/usr/local/lib/python3.11/email", {st_mode=S_IFDIR|0755, st_size=4096, ...}, 0) = 0
26    newfstatat(AT_FDCWD, "/usr/local/lib/python3.11/email/charset.py", {st_mode=S_IFREG|0644, st_size=17118, ...}, 0) = 0
26    newfstatat(AT_FDCWD, "/usr/local/lib/python3.11/email/charset.py", {st_mode=S_IFREG|0644, st_size=17118, ...}, 0) = 0
26    openat(AT_FDCWD, "/usr/local/lib/python3.11/email/__pycache__/charset.cpython-311.pyc", O_RDONLY|O_CLOEXEC) = 3
26    newfstatat(AT_FDCWD, "/usr/local/lib/python3.11/email", {st_mode=S_IFDIR|0755, st_size=4096, ...}, 0) = 0
26    newfstatat(AT_FDCWD, "/usr/local/lib/python3.11/email/base64mime.py", {st_mode=S_IFREG|0644, st_size=3551, ...}, 0) = 0
26    newfstatat(AT_FDCWD, "/usr/local/lib/python3.11/email/base64mime.py", {st_mode=S_IFREG|0644, st_size=3551, ...}, 0) = 0
26    openat(AT_FDCWD, "/usr/local/lib/python3.11/email/__pycache__/base64mime.cpython-311.pyc", O_RDONLY|O_CLOEXEC) = 3
26    newfstatat(AT_FDCWD, "/usr/local/lib/python3.11/email", {st_mode=S_IFDIR|0755, st_size=4096, ...}, 0) = 0
26    newfstatat(AT_FDCWD, "/usr/local/lib/python3.11/email/quoprimime.py", {st_mode=S_IFREG|0644, st_size=9864, ...}, 0) = 0
26    newfstatat(AT_FDCWD, "/usr/local/lib/python3.11/email/quoprimime.py", {st_mode=S_IFREG|0644, st_size=9864, ...}, 0) = 0
26    openat(AT_FDCWD, "/usr/local/lib/python3.11/email/__pycache__/quoprimime.cpython-311.pyc", O_RDONLY|O_CLOEXEC) = 3
26    newfstatat(AT_FDCWD, "/workspace/benchmark/chains/express_amount_trust", {st_mode=S_IFDIR|0775, st_size=4096, ...}, 0) = 0
26    newfstatat(AT_FDCWD, "/usr/local/lib/python3.11", {st_mode=S_IFDIR|0755, st_size=4096, ...}, 0) = 0
26    newfstatat(AT_FDCWD, "/usr/local/lib/python3.11/string.py", {st_mode=S_IFREG|0644, st_size=11786, ...}, 0) = 0
26    newfstatat(AT_FDCWD, "/usr/local/lib/python3.11/string.py", {st_mode=S_IFREG|0644, st_size=11786, ...}, 0) = 0
26    openat(AT_FDCWD, "/usr/local/lib/python3.11/__pycache__/string.cpython-311.pyc", O_RDONLY|O_CLOEXEC) = 3
26    newfstatat(AT_FDCWD, "/usr/local/lib/python3.11/email", {st_mode=S_IFDIR|0755, st_size=4096, ...}, 0) = 0
26    newfstatat(AT_FDCWD, "/usr/local/lib/python3.11/email/errors.py", {st_mode=S_IFREG|0644, st_size=3814, ...}, 0) = 0
26    newfstatat(AT_FDCWD, "/usr/local/lib/python3.11/email/errors.py", {st_mode=S_IFREG|0644, st_size=3814, ...}, 0) = 0
26    openat(AT_FDCWD, "/usr/local/lib/python3.11/email/__pycache__/errors.cpython-311.pyc", O_RDONLY|O_CLOEXEC) = 3
26    newfstatat(AT_FDCWD, "/usr/local/lib/python3.11/email", {st_mode=S_IFDIR|0755, st_size=4096, ...}, 0) = 0
26    newfstatat(AT_FDCWD, "/usr/local/lib/python3.11/email/encoders.py", {st_mode=S_IFREG|0644, st_size=1778, ...}, 0) = 0
26    newfstatat(AT_FDCWD, "/usr/local/lib/python3.11/email/encoders.py", {st_mode=S_IFREG|0644, st_size=1778, ...}, 0) = 0
26    openat(AT_FDCWD, "/usr/local/lib/python3.11/email/__pycache__/encoders.cpython-311.pyc", O_RDONLY|O_CLOEXEC) = 3
26    newfstatat(AT_FDCWD, "/usr/local/lib/python3.11/email", {st_mode=S_IFDIR|0755, st_size=4096, ...}, 0) = 0
26    newfstatat(AT_FDCWD, "/usr/local/lib/python3.11/email/_policybase.py", {st_mode=S_IFREG|0644, st_size=15534, ...}, 0) = 0
26    newfstatat(AT_FDCWD, "/usr/local/lib/python3.11/email/_policybase.py", {st_mode=S_IFREG|0644, st_size=15534, ...}, 0) = 0
26    openat(AT_FDCWD, "/usr/local/lib/python3.11/email/__pycache__/_policybase.cpython-311.pyc", O_RDONLY|O_CLOEXEC) = 3
26    newfstatat(AT_FDCWD, "/usr/local/lib/python3.11/email", {st_mode=S_IFDIR|0755, st_size=4096, ...}, 0) = 0
26    newfstatat(AT_FDCWD, "/usr/local/lib/python3.11/email/header.py", {st_mode=S_IFREG|0644, st_size=24092, ...}, 0) = 0
26    newfstatat(AT_FDCWD, "/usr/local/lib/python3.11/email/header.py", {st_mode=S_IFREG|0644, st_size=24092, ...}, 0) = 0
26    openat(AT_FDCWD, "/usr/local/lib/python3.11/email/__pycache__/header.cpython-311.pyc", O_RDONLY|O_CLOEXEC) = 3
26    newfstatat(AT_FDCWD, "/usr/local/lib/python3.11/email", {st_mode=S_IFDIR|0755, st_size=4096, ...}, 0) = 0
26    newfstatat(AT_FDCWD, "/usr/local/lib/python3.11/email/_encoded_words.py", {st_mode=S_IFREG|0644, st_size=8541, ...}, 0) = 0
26    newfstatat(AT_FDCWD, "/usr/local/lib/python3.11/email/_encoded_words.py", {st_mode=S_IFREG|0644, st_size=8541, ...}, 0) = 0
26    openat(AT_FDCWD, "/usr/local/lib/python3.11/email/__pycache__/_encoded_words.cpython-311.pyc", O_RDONLY|O_CLOEXEC) = 3
26    newfstatat(AT_FDCWD, "/usr/local/lib/python3.11/email", {st_mode=S_IFDIR|0755, st_size=4096, ...}, 0) = 0
26    newfstatat(AT_FDCWD, "/usr/local/lib/python3.11/email/iterators.py", {st_mode=S_IFREG|0644, st_size=2129, ...}, 0) = 0
26    newfstatat(AT_FDCWD, "/usr/local/lib/python3.11/email/iterators.py", {st_mode=S_IFREG|0644, st_size=2129, ...}, 0) = 0
26    openat(AT_FDCWD, "/usr/local/lib/python3.11/email/__pycache__/iterators.cpython-311.pyc", O_RDONLY|O_CLOEXEC) = 3
26    newfstatat(AT_FDCWD, "/usr/local/lib/python3.11/importlib/metadata", {st_mode=S_IFDIR|0755, st_size=4096, ...}, 0) = 0
26    newfstatat(AT_FDCWD, "/usr/local/lib/python3.11/importlib/metadata/_text.py", {st_mode=S_IFREG|0644, st_size=2166, ...}, 0) = 0
26    newfstatat(AT_FDCWD, "/usr/local/lib/python3.11/importlib/metadata/_text.py", {st_mode=S_IFREG|0644, st_size=2166, ...}, 0) = 0
26    openat(AT_FDCWD, "/usr/local/lib/python3.11/importlib/metadata/__pycache__/_text.cpython-311.pyc", O_RDONLY|O_CLOEXEC) = 3
26    newfstatat(AT_FDCWD, "/usr/local/lib/python3.11/importlib/metadata", {st_mode=S_IFDIR|0755, st_size=4096, ...}, 0) = 0
26    newfstatat(AT_FDCWD, "/usr/local/lib/python3.11/importlib/metadata/_functools.py", {st_mode=S_IFREG|0644, st_size=2895, ...}, 0) = 0
26    newfstatat(AT_FDCWD, "/usr/local/lib/python3.11/importlib/metadata/_functools.py", {st_mode=S_IFREG|0644, st_size=2895, ...}, 0) = 0
26    openat(AT_FDCWD, "/usr/local/lib/python3.11/importlib/metadata/__pycache__/_functools.cpython-311.pyc", O_RDONLY|O_CLOEXEC) = 3
26    newfstatat(AT_FDCWD, "/usr/local/lib/python3.11/importlib/metadata", {st_mode=S_IFDIR|0755, st_size=4096, ...}, 0) = 0
26    newfstatat(AT_FDCWD, "/usr/local/lib/python3.11/importlib/metadata/_meta.py", {st_mode=S_IFREG|0644, st_size=1134, ...}, 0) = 0
26    newfstatat(AT_FDCWD, "/usr/local/lib/python3.11/importlib/metadata/_meta.py", {st_mode=S_IFREG|0644, st_size=1134, ...}, 0) = 0
26    openat(AT_FDCWD, "/usr/local/lib/python3.11/importlib/metadata/__pycache__/_meta.cpython-311.pyc", O_RDONLY|O_CLOEXEC) = 3
26    newfstatat(AT_FDCWD, "/usr/local/lib/python3.11/importlib/metadata", {st_mode=S_IFDIR|0755, st_size=4096, ...}, 0) = 0
26    newfstatat(AT_FDCWD, "/usr/local/lib/python3.11/importlib/metadata/_collections.py", {st_mode=S_IFREG|0644, st_size=743, ...}, 0) = 0
26    newfstatat(AT_FDCWD, "/usr/local/lib/python3.11/importlib/metadata/_collections.py", {st_mode=S_IFREG|0644, st_size=743, ...}, 0) = 0
26    openat(AT_FDCWD, "/usr/local/lib/python3.11/importlib/metadata/__pycache__/_collections.cpython-311.pyc", O_RDONLY|O_CLOEXEC) = 3
26    newfstatat(AT_FDCWD, "/usr/local/lib/python3.11/importlib/metadata", {st_mode=S_IFDIR|0755, st_size=4096, ...}, 0) = 0
26    newfstatat(AT_FDCWD, "/usr/local/lib/python3.11/importlib/metadata/_itertools.py", {st_mode=S_IFREG|0644, st_size=2068, ...}, 0) = 0
26    newfstatat(AT_FDCWD, "/usr/local/lib/python3.11/importlib/metadata/_itertools.py", {st_mode=S_IFREG|0644, st_size=2068, ...}, 0) = 0
26    openat(AT_FDCWD, "/usr/local/lib/python3.11/importlib/metadata/__pycache__/_itertools.cpython-311.pyc", O_RDONLY|O_CLOEXEC) = 3
26    newfstatat(AT_FDCWD, "/usr/local/lib/python3.11/importlib", {st_mode=S_IFDIR|0755, st_size=4096, ...}, 0) = 0
26    newfstatat(AT_FDCWD, "/usr/local/lib/python3.11/importlib/abc.py", {st_mode=S_IFREG|0644, st_size=10969, ...}, 0) = 0
26    newfstatat(AT_FDCWD, "/usr/local/lib/python3.11/importlib/abc.py", {st_mode=S_IFREG|0644, st_size=10969, ...}, 0) = 0
26    openat(AT_FDCWD, "/usr/local/lib/python3.11/importlib/__pycache__/abc.cpython-311.pyc", O_RDONLY|O_CLOEXEC) = 3
26    newfstatat(AT_FDCWD, "/usr/local/lib/python3.11/importlib", {st_mode=S_IFDIR|0755, st_size=4096, ...}, 0) = 0
26    newfstatat(AT_FDCWD, "/usr/local/lib/python3.11/importlib/resources/__init__.cpython-311-x86_64-linux-gnu.so", 0x7ffc98f403c0, 0) = -1 ENOENT (No such file or directory)
26    newfstatat(AT_FDCWD, "/usr/local/lib/python3.11/importlib/resources/__init__.abi3.so", 0x7ffc98f403c0, 0) = -1 ENOENT (No such file or directory)
26    newfstatat(AT_FDCWD, "/usr/local/lib/python3.11/importlib/resources/__init__.so", 0x7ffc98f403c0, 0) = -1 ENOENT (No such file or directory)
26    newfstatat(AT_FDCWD, "/usr/local/lib/python3.11/importlib/resources/__init__.py", {st_mode=S_IFREG|0644, st_size=506, ...}, 0) = 0
26    newfstatat(AT_FDCWD, "/usr/local/lib/python3.11/importlib/resources/__init__.py", {st_mode=S_IFREG|0644, st_size=506, ...}, 0) = 0
26    openat(AT_FDCWD, "/usr/local/lib/python3.11/importlib/resources/__pycache__/__init__.cpython-311.pyc", O_RDONLY|O_CLOEXEC) = 3
26    newfstatat(AT_FDCWD, "/usr/local/lib/python3.11/importlib/resources", {st_mode=S_IFDIR|0755, st_size=4096, ...}, 0) = 0
26    newfstatat(AT_FDCWD, "/usr/local/lib/python3.11/importlib/resources", {st_mode=S_IFDIR|0755, st_size=4096, ...}, 0) = 0
26    newfstatat(AT_FDCWD, "/usr/local/lib/python3.11/importlib/resources", {st_mode=S_IFDIR|0755, st_size=4096, ...}, 0) = 0
26    openat(AT_FDCWD, "/usr/local/lib/python3.11/importlib/resources", O_RDONLY|O_NONBLOCK|O_CLOEXEC|O_DIRECTORY) = 3
26    newfstatat(AT_FDCWD, "/usr/local/lib/python3.11/importlib/resources/_common.py", {st_mode=S_IFREG|0644, st_size=2891, ...}, 0) = 0
26    newfstatat(AT_FDCWD, "/usr/local/lib/python3.11/importlib/resources/_common.py", {st_mode=S_IFREG|0644, st_size=2891, ...}, 0) = 0
26    openat(AT_FDCWD, "/usr/local/lib/python3.11/importlib/resources/__pycache__/_common.cpython-311.pyc", O_RDONLY|O_CLOEXEC) = 3
26    newfstatat(AT_FDCWD, "/workspace/benchmark/chains/express_amount_trust", {st_mode=S_IFDIR|0775, st_size=4096, ...}, 0) = 0
26    newfstatat(AT_FDCWD, "/usr/local/lib/python3.11", {st_mode=S_IFDIR|0755, st_size=4096, ...}, 0) = 0
26    newfstatat(AT_FDCWD, "/usr/local/lib/python3.11/tempfile.py", {st_mode=S_IFREG|0644, st_size=31873, ...}, 0) = 0
26    newfstatat(AT_FDCWD, "/usr/local/lib/python3.11/tempfile.py", {st_mode=S_IFREG|0644, st_size=31873, ...}, 0) = 0
26    openat(AT_FDCWD, "/usr/local/lib/python3.11/__pycache__/tempfile.cpython-311.pyc", O_RDONLY|O_CLOEXEC) = 3
26    newfstatat(AT_FDCWD, "/usr/local/lib/python3.11/importlib/resources", {st_mode=S_IFDIR|0755, st_size=4096, ...}, 0) = 0
26    newfstatat(AT_FDCWD, "/usr/local/lib/python3.11/importlib/resources/abc.py", {st_mode=S_IFREG|0644, st_size=4571, ...}, 0) = 0
26    newfstatat(AT_FDCWD, "/usr/local/lib/python3.11/importlib/resources/abc.py", {st_mode=S_IFREG|0644, st_size=4571, ...}, 0) = 0
26    openat(AT_FDCWD, "/usr/local/lib/python3.11/importlib/resources/__pycache__/abc.cpython-311.pyc", O_RDONLY|O_CLOEXEC) = 3
26    newfstatat(AT_FDCWD, "/usr/local/lib/python3.11/importlib/resources", {st_mode=S_IFDIR|0755, st_size=4096, ...}, 0) = 0
26    newfstatat(AT_FDCWD, "/usr/local/lib/python3.11/importlib/resources/_adapters.py", {st_mode=S_IFREG|0644, st_size=4504, ...}, 0) = 0
26    newfstatat(AT_FDCWD, "/usr/local/lib/python3.11/importlib/resources/_adapters.py", {st_mode=S_IFREG|0644, st_size=4504, ...}, 0) = 0
26    openat(AT_FDCWD, "/usr/local/lib/python3.11/importlib/resources/__pycache__/_adapters.cpython-311.pyc", O_RDONLY|O_CLOEXEC) = 3
26    newfstatat(AT_FDCWD, "/usr/local/lib/python3.11/importlib/resources", {st_mode=S_IFDIR|0755, st_size=4096, ...}, 0) = 0
26    newfstatat(AT_FDCWD, "/usr/local/lib/python3.11/importlib/resources/_legacy.py", {st_mode=S_IFREG|0644, st_size=3494, ...}, 0) = 0
26    newfstatat(AT_FDCWD, "/usr/local/lib/python3.11/importlib/resources/_legacy.py", {st_mode=S_IFREG|0644, st_size=3494, ...}, 0) = 0
26    openat(AT_FDCWD, "/usr/local/lib/python3.11/importlib/resources/__pycache__/_legacy.cpython-311.pyc", O_RDONLY|O_CLOEXEC) = 3
26    newfstatat(AT_FDCWD, "/workspace/benchmark/chains/express_amount_trust", {st_mode=S_IFDIR|0775, st_size=4096, ...}, 0) = 0
26    openat(AT_FDCWD, "/workspace/benchmark/chains/express_amount_trust", O_RDONLY|O_NONBLOCK|O_CLOEXEC|O_DIRECTORY) = 3
26    newfstatat(AT_FDCWD, "/usr/local/lib/python311.zip", 0x7ffc98f41a40, 0) = -1 ENOENT (No such file or directory)
26    openat(AT_FDCWD, "/usr/local/lib/python311.zip", O_RDONLY|O_NONBLOCK|O_CLOEXEC|O_DIRECTORY) = -1 ENOENT (No such file or directory)
26    openat(AT_FDCWD, "/usr/local/lib/python311.zip", O_RDONLY|O_CLOEXEC) = -1 ENOENT (No such file or directory)
26    newfstatat(AT_FDCWD, "/usr/local/lib/python3.11", {st_mode=S_IFDIR|0755, st_size=4096, ...}, 0) = 0
26    openat(AT_FDCWD, "/usr/local/lib/python3.11", O_RDONLY|O_NONBLOCK|O_CLOEXEC|O_DIRECTORY) = 3
26    newfstatat(AT_FDCWD, "/usr/local/lib/python3.11/lib-dynload", {st_mode=S_IFDIR|0755, st_size=4096, ...}, 0) = 0
26    openat(AT_FDCWD, "/usr/local/lib/python3.11/lib-dynload", O_RDONLY|O_NONBLOCK|O_CLOEXEC|O_DIRECTORY) = 3
26    newfstatat(AT_FDCWD, "/usr/local/lib/python3.11/site-packages", {st_mode=S_IFDIR|0755, st_size=4096, ...}, 0) = 0
26    openat(AT_FDCWD, "/usr/local/lib/python3.11/site-packages", O_RDONLY|O_NONBLOCK|O_CLOEXEC|O_DIRECTORY) = 3
26    openat(AT_FDCWD, "/usr/local/lib/python3.11/site-packages/packaging-26.3.dist-info/entry_points.txt", O_RDONLY|O_CLOEXEC) = -1 ENOENT (No such file or directory)
26    openat(AT_FDCWD, "/usr/local/lib/python3.11/site-packages/wheel-0.46.3.dist-info/entry_points.txt", O_RDONLY|O_CLOEXEC) = 3
26    openat(AT_FDCWD, "/usr/local/lib/python3.11/site-packages/setuptools-79.0.1.dist-info/entry_points.txt", O_RDONLY|O_CLOEXEC) = 3
26    openat(AT_FDCWD, "/usr/local/lib/python3.11/site-packages/requests-2.34.2.dist-info/entry_points.txt", O_RDONLY|O_CLOEXEC) = -1 ENOENT (No such file or directory)
26    openat(AT_FDCWD, "/usr/local/lib/python3.11/site-packages/pydantic_core-2.46.4.dist-info/entry_points.txt", O_RDONLY|O_CLOEXEC) = -1 ENOENT (No such file or directory)
26    openat(AT_FDCWD, "/usr/local/lib/python3.11/site-packages/filelock-3.32.3.dist-info/entry_points.txt", O_RDONLY|O_CLOEXEC) = -1 ENOENT (No such file or directory)
26    openat(AT_FDCWD, "/usr/local/lib/python3.11/site-packages/charset_normalizer-3.5.1.dist-info/entry_points.txt", O_RDONLY|O_CLOEXEC) = 3
26    openat(AT_FDCWD, "/usr/local/lib/python3.11/site-packages/mosaic_bench-0.1.0.dist-info/entry_points.txt", O_RDONLY|O_CLOEXEC) = 3
26    openat(AT_FDCWD, "/usr/local/lib/python3.11/site-packages/pyyaml-6.0.3.dist-info/entry_points.txt", O_RDONLY|O_CLOEXEC) = -1 ENOENT (No such file or directory)
26    openat(AT_FDCWD, "/usr/local/lib/python3.11/site-packages/numpy-2.4.6.dist-info/entry_points.txt", O_RDONLY|O_CLOEXEC) = 3
26    openat(AT_FDCWD, "/usr/local/lib/python3.11/site-packages/pip-26.2.1.dist-info/entry_points.txt", O_RDONLY|O_CLOEXEC) = 3
26    openat(AT_FDCWD, "/usr/local/lib/python3.11/site-packages/pydantic-2.13.4.dist-info/entry_points.txt", O_RDONLY|O_CLOEXEC) = -1 ENOENT (No such file or directory)
26    openat(AT_FDCWD, "/usr/local/lib/python3.11/site-packages/huggingface_hub-0.36.2.dist-info/entry_points.txt", O_RDONLY|O_CLOEXEC) = 3
26    openat(AT_FDCWD, "/usr/local/lib/python3.11/site-packages/click-8.4.2.dist-info/entry_points.txt", O_RDONLY|O_CLOEXEC) = -1 ENOENT (No such file or directory)
26    openat(AT_FDCWD, "/usr/local/lib/python3.11/site-packages/certifi-2026.7.22.dist-info/entry_points.txt", O_RDONLY|O_CLOEXEC) = -1 ENOENT (No such file or directory)
26    openat(AT_FDCWD, "/usr/local/lib/python3.11/site-packages/scipy-1.17.1.dist-info/entry_points.txt", O_RDONLY|O_CLOEXEC) = -1 ENOENT (No such file or directory)
26    openat(AT_FDCWD, "/usr/local/lib/python3.11/site-packages/et_xmlfile-2.0.0.dist-info/entry_points.txt", O_RDONLY|O_CLOEXEC) = -1 ENOENT (No such file or directory)
26    openat(AT_FDCWD, "/usr/local/lib/python3.11/site-packages/idna-3.19.dist-info/entry_points.txt", O_RDONLY|O_CLOEXEC) = 3
26    openat(AT_FDCWD, "/usr/local/lib/python3.11/site-packages/urllib3-2.7.0.dist-info/entry_points.txt", O_RDONLY|O_CLOEXEC) = -1 ENOENT (No such file or directory)
26    openat(AT_FDCWD, "/usr/local/lib/python3.11/site-packages/hf_xet-1.6.0.dist-info/entry_points.txt", O_RDONLY|O_CLOEXEC) = -1 ENOENT (No such file or directory)
26    openat(AT_FDCWD, "/usr/local/lib/python3.11/site-packages/tqdm-4.70.0.dist-info/entry_points.txt", O_RDONLY|O_CLOEXEC) = 3
26    openat(AT_FDCWD, "/usr/local/lib/python3.11/site-packages/openpyxl-3.1.5.dist-info/entry_points.txt", O_RDONLY|O_CLOEXEC) = -1 ENOENT (No such file or directory)
26    openat(AT_FDCWD, "/usr/local/lib/python3.11/site-packages/typing_extensions-4.16.0.dist-info/entry_points.txt", O_RDONLY|O_CLOEXEC) = -1 ENOENT (No such file or directory)
26    openat(AT_FDCWD, "/usr/local/lib/python3.11/site-packages/annotated_types-0.8.0.dist-info/entry_points.txt", O_RDONLY|O_CLOEXEC) = -1 ENOENT (No such file or directory)
26    openat(AT_FDCWD, "/usr/local/lib/python3.11/site-packages/typing_inspection-0.4.4.dist-info/entry_points.txt", O_RDONLY|O_CLOEXEC) = -1 ENOENT (No such file or directory)
26    openat(AT_FDCWD, "/usr/local/lib/python3.11/site-packages/fsspec-2026.7.0.dist-info/entry_points.txt", O_RDONLY|O_CLOEXEC) = -1 ENOENT (No such file or directory)
26    newfstatat(AT_FDCWD, "/workspace", {st_mode=S_IFDIR|0755, st_size=4096, ...}, 0) = 0
26    openat(AT_FDCWD, "/workspace", O_RDONLY|O_NONBLOCK|O_CLOEXEC|O_DIRECTORY) = 3
26    newfstatat(AT_FDCWD, "/workspace/mosaic", {st_mode=S_IFDIR|0775, st_size=4096, ...}, 0) = 0
26    newfstatat(AT_FDCWD, "/workspace/mosaic/chain_registry.py", {st_mode=S_IFREG|0664, st_size=4409, ...}, 0) = 0
26    newfstatat(AT_FDCWD, "/workspace/mosaic/chain_registry.py", {st_mode=S_IFREG|0664, st_size=4409, ...}, 0) = 0
26    openat(AT_FDCWD, "/workspace/mosaic/__pycache__/chain_registry.cpython-311.pyc", O_RDONLY|O_CLOEXEC) = 3
26    newfstatat(AT_FDCWD, "/workspace/benchmark/chains/express_amount_trust", {st_mode=S_IFDIR|0775, st_size=4096, ...}, 0) = 0
26    newfstatat(AT_FDCWD, "/usr/local/lib/python3.11", {st_mode=S_IFDIR|0755, st_size=4096, ...}, 0) = 0
26    newfstatat(AT_FDCWD, "/usr/local/lib/python3.11/json/__init__.cpython-311-x86_64-linux-gnu.so", 0x7ffc98f41fa0, 0) = -1 ENOENT (No such file or directory)
26    newfstatat(AT_FDCWD, "/usr/local/lib/python3.11/json/__init__.abi3.so", 0x7ffc98f41fa0, 0) = -1 ENOENT (No such file or directory)
26    newfstatat(AT_FDCWD, "/usr/local/lib/python3.11/json/__init__.so", 0x7ffc98f41fa0, 0) = -1 ENOENT (No such file or directory)
26    newfstatat(AT_FDCWD, "/usr/local/lib/python3.11/json/__init__.py", {st_mode=S_IFREG|0644, st_size=14020, ...}, 0) = 0
26    newfstatat(AT_FDCWD, "/usr/local/lib/python3.11/json/__init__.py", {st_mode=S_IFREG|0644, st_size=14020, ...}, 0) = 0
26    openat(AT_FDCWD, "/usr/local/lib/python3.11/json/__pycache__/__init__.cpython-311.pyc", O_RDONLY|O_CLOEXEC) = 3
26    newfstatat(AT_FDCWD, "/usr/local/lib/python3.11/json", {st_mode=S_IFDIR|0755, st_size=4096, ...}, 0) = 0
26    newfstatat(AT_FDCWD, "/usr/local/lib/python3.11/json", {st_mode=S_IFDIR|0755, st_size=4096, ...}, 0) = 0
26    newfstatat(AT_FDCWD, "/usr/local/lib/python3.11/json", {st_mode=S_IFDIR|0755, st_size=4096, ...}, 0) = 0
26    openat(AT_FDCWD, "/usr/local/lib/python3.11/json", O_RDONLY|O_NONBLOCK|O_CLOEXEC|O_DIRECTORY) = 3
26    newfstatat(AT_FDCWD, "/usr/local/lib/python3.11/json/decoder.py", {st_mode=S_IFREG|0644, st_size=12473, ...}, 0) = 0
26    newfstatat(AT_FDCWD, "/usr/local/lib/python3.11/json/decoder.py", {st_mode=S_IFREG|0644, st_size=12473, ...}, 0) = 0
26    openat(AT_FDCWD, "/usr/local/lib/python3.11/json/__pycache__/decoder.cpython-311.pyc", O_RDONLY|O_CLOEXEC) = 3
26    newfstatat(AT_FDCWD, "/usr/local/lib/python3.11/json", {st_mode=S_IFDIR|0755, st_size=4096, ...}, 0) = 0
26    newfstatat(AT_FDCWD, "/usr/local/lib/python3.11/json/scanner.py", {st_mode=S_IFREG|0644, st_size=2425, ...}, 0) = 0
26    newfstatat(AT_FDCWD, "/usr/local/lib/python3.11/json/scanner.py", {st_mode=S_IFREG|0644, st_size=2425, ...}, 0) = 0
26    openat(AT_FDCWD, "/usr/local/lib/python3.11/json/__pycache__/scanner.cpython-311.pyc", O_RDONLY|O_CLOEXEC) = 3
26    newfstatat(AT_FDCWD, "/workspace/benchmark/chains/express_amount_trust", {st_mode=S_IFDIR|0775, st_size=4096, ...}, 0) = 0
26    newfstatat(AT_FDCWD, "/usr/local/lib/python3.11", {st_mode=S_IFDIR|0755, st_size=4096, ...}, 0) = 0
26    newfstatat(AT_FDCWD, "/usr/local/lib/python3.11/lib-dynload", {st_mode=S_IFDIR|0755, st_size=4096, ...}, 0) = 0
26    newfstatat(AT_FDCWD, "/usr/local/lib/python3.11/lib-dynload/_json.cpython-311-x86_64-linux-gnu.so", {st_mode=S_IFREG|0755, st_size=45024, ...}, 0) = 0
26    openat(AT_FDCWD, "/usr/local/lib/python3.11/lib-dynload/_json.cpython-311-x86_64-linux-gnu.so", O_RDONLY|O_CLOEXEC) = 3
26    newfstatat(AT_FDCWD, "/usr/local/lib/python3.11/json", {st_mode=S_IFDIR|0755, st_size=4096, ...}, 0) = 0
26    newfstatat(AT_FDCWD, "/usr/local/lib/python3.11/json/encoder.py", {st_mode=S_IFREG|0644, st_size=16070, ...}, 0) = 0
26    newfstatat(AT_FDCWD, "/usr/local/lib/python3.11/json/encoder.py", {st_mode=S_IFREG|0644, st_size=16070, ...}, 0) = 0
26    openat(AT_FDCWD, "/usr/local/lib/python3.11/json/__pycache__/encoder.cpython-311.pyc", O_RDONLY|O_CLOEXEC) = 3
26    newfstatat(AT_FDCWD, "/workspace", {st_mode=S_IFDIR|0755, st_size=4096, ...}, AT_SYMLINK_NOFOLLOW) = 0
26    newfstatat(AT_FDCWD, "/workspace/mosaic", {st_mode=S_IFDIR|0775, st_size=4096, ...}, AT_SYMLINK_NOFOLLOW) = 0
26    newfstatat(AT_FDCWD, "/workspace/mosaic/chain_registry.py", {st_mode=S_IFREG|0664, st_size=4409, ...}, AT_SYMLINK_NOFOLLOW) = 0
26    newfstatat(AT_FDCWD, "/workspace/mosaic/chain_registry.py", {st_mode=S_IFREG|0664, st_size=4409, ...}, 0) = 0
26    newfstatat(AT_FDCWD, "/workspace/mosaic", {st_mode=S_IFDIR|0775, st_size=4096, ...}, 0) = 0
26    newfstatat(AT_FDCWD, "/workspace/mosaic/task_oracle.py", {st_mode=S_IFREG|0664, st_size=1578, ...}, 0) = 0
26    newfstatat(AT_FDCWD, "/workspace/mosaic/task_oracle.py", {st_mode=S_IFREG|0664, st_size=1578, ...}, 0) = 0
26    openat(AT_FDCWD, "/workspace/mosaic/__pycache__/task_oracle.cpython-311.pyc", O_RDONLY|O_CLOEXEC) = 3
26    newfstatat(AT_FDCWD, "/workspace", {st_mode=S_IFDIR|0755, st_size=4096, ...}, AT_SYMLINK_NOFOLLOW) = 0
26    newfstatat(AT_FDCWD, "/workspace/mosaic", {st_mode=S_IFDIR|0775, st_size=4096, ...}, AT_SYMLINK_NOFOLLOW) = 0
26    newfstatat(AT_FDCWD, "/workspace/mosaic/task_oracle.py", {st_mode=S_IFREG|0664, st_size=1578, ...}, AT_SYMLINK_NOFOLLOW) = 0
26    newfstatat(AT_FDCWD, "/workspace/mosaic/task_oracle.py", {st_mode=S_IFREG|0664, st_size=1578, ...}, 0) = 0
26    newfstatat(AT_FDCWD, "/workspace/benchmark/chains/express_amount_trust", {st_mode=S_IFDIR|0775, st_size=4096, ...}, 0) = 0
26    newfstatat(AT_FDCWD, "/usr/local/lib/python3.11", {st_mode=S_IFDIR|0755, st_size=4096, ...}, 0) = 0
26    newfstatat(AT_FDCWD, "/usr/local/lib/python3.11/lib-dynload", {st_mode=S_IFDIR|0755, st_size=4096, ...}, 0) = 0
26    newfstatat(AT_FDCWD, "/usr/local/lib/python3.11/site-packages", {st_mode=S_IFDIR|0755, st_size=4096, ...}, 0) = 0
26    newfstatat(AT_FDCWD, "/workspace", {st_mode=S_IFDIR|0755, st_size=4096, ...}, 0) = 0
26    newfstatat(AT_FDCWD, "/workspace/benchmark/__init__.cpython-311-x86_64-linux-gnu.so", 0x7ffc98f41b80, 0) = -1 ENOENT (No such file or directory)
26    newfstatat(AT_FDCWD, "/workspace/benchmark/__init__.abi3.so", 0x7ffc98f41b80, 0) = -1 ENOENT (No such file or directory)
26    newfstatat(AT_FDCWD, "/workspace/benchmark/__init__.so", 0x7ffc98f41b80, 0) = -1 ENOENT (No such file or directory)
26    newfstatat(AT_FDCWD, "/workspace/benchmark/__init__.py", {st_mode=S_IFREG|0664, st_size=0, ...}, 0) = 0
26    newfstatat(AT_FDCWD, "/workspace/benchmark/__init__.py", {st_mode=S_IFREG|0664, st_size=0, ...}, 0) = 0
26    openat(AT_FDCWD, "/workspace/benchmark/__pycache__/__init__.cpython-311.pyc", O_RDONLY|O_CLOEXEC) = 3
26    newfstatat(AT_FDCWD, "/workspace/benchmark", {st_mode=S_IFDIR|0775, st_size=4096, ...}, 0) = 0
26    newfstatat(AT_FDCWD, "/workspace/benchmark", {st_mode=S_IFDIR|0775, st_size=4096, ...}, 0) = 0
26    newfstatat(AT_FDCWD, "/workspace/benchmark", {st_mode=S_IFDIR|0775, st_size=4096, ...}, 0) = 0
26    openat(AT_FDCWD, "/workspace/benchmark", O_RDONLY|O_NONBLOCK|O_CLOEXEC|O_DIRECTORY) = 3
26    newfstatat(AT_FDCWD, "/workspace/benchmark/verify.py", {st_mode=S_IFREG|0664, st_size=39446, ...}, 0) = 0
26    newfstatat(AT_FDCWD, "/workspace/benchmark/verify.py", {st_mode=S_IFREG|0664, st_size=39446, ...}, 0) = 0
26    openat(AT_FDCWD, "/workspace/benchmark/__pycache__/verify.cpython-311.pyc", O_RDONLY|O_CLOEXEC) = 3
26    newfstatat(AT_FDCWD, "/workspace/benchmark/chains/express_amount_trust", {st_mode=S_IFDIR|0775, st_size=4096, ...}, 0) = 0
26    newfstatat(AT_FDCWD, "/usr/local/lib/python3.11", {st_mode=S_IFDIR|0755, st_size=4096, ...}, 0) = 0
26    newfstatat(AT_FDCWD, "/usr/local/lib/python3.11/subprocess.py", {st_mode=S_IFREG|0644, st_size=88725, ...}, 0) = 0
26    newfstatat(AT_FDCWD, "/usr/local/lib/python3.11/subprocess.py", {st_mode=S_IFREG|0644, st_size=88725, ...}, 0) = 0
26    openat(AT_FDCWD, "/usr/local/lib/python3.11/__pycache__/subprocess.cpython-311.pyc", O_RDONLY|O_CLOEXEC) = 3
26    newfstatat(AT_FDCWD, "/workspace/benchmark/chains/express_amount_trust", {st_mode=S_IFDIR|0775, st_size=4096, ...}, 0) = 0
26    newfstatat(AT_FDCWD, "/usr/local/lib/python3.11", {st_mode=S_IFDIR|0755, st_size=4096, ...}, 0) = 0
26    newfstatat(AT_FDCWD, "/usr/local/lib/python3.11/signal.py", {st_mode=S_IFREG|0644, st_size=2495, ...}, 0) = 0
26    newfstatat(AT_FDCWD, "/usr/local/lib/python3.11/signal.py", {st_mode=S_IFREG|0644, st_size=2495, ...}, 0) = 0
26    openat(AT_FDCWD, "/usr/local/lib/python3.11/__pycache__/signal.cpython-311.pyc", O_RDONLY|O_CLOEXEC) = 3
26    newfstatat(AT_FDCWD, "/workspace/benchmark/chains/express_amount_trust", {st_mode=S_IFDIR|0775, st_size=4096, ...}, 0) = 0
26    newfstatat(AT_FDCWD, "/usr/local/lib/python3.11", {st_mode=S_IFDIR|0755, st_size=4096, ...}, 0) = 0
26    newfstatat(AT_FDCWD, "/usr/local/lib/python3.11/lib-dynload", {st_mode=S_IFDIR|0755, st_size=4096, ...}, 0) = 0
26    newfstatat(AT_FDCWD, "/usr/local/lib/python3.11/lib-dynload/fcntl.cpython-311-x86_64-linux-gnu.so", {st_mode=S_IFREG|0755, st_size=22952, ...}, 0) = 0
26    openat(AT_FDCWD, "/usr/local/lib/python3.11/lib-dynload/fcntl.cpython-311-x86_64-linux-gnu.so", O_RDONLY|O_CLOEXEC) = 3
26    newfstatat(AT_FDCWD, "/workspace/benchmark/chains/express_amount_trust", {st_mode=S_IFDIR|0775, st_size=4096, ...}, 0) = 0
26    newfstatat(AT_FDCWD, "/usr/local/lib/python3.11", {st_mode=S_IFDIR|0755, st_size=4096, ...}, 0) = 0
26    newfstatat(AT_FDCWD, "/usr/local/lib/python3.11/lib-dynload", {st_mode=S_IFDIR|0755, st_size=4096, ...}, 0) = 0
26    newfstatat(AT_FDCWD, "/usr/local/lib/python3.11/site-packages", {st_mode=S_IFDIR|0755, st_size=4096, ...}, 0) = 0
26    newfstatat(AT_FDCWD, "/workspace", {st_mode=S_IFDIR|0755, st_size=4096, ...}, 0) = 0
26    newfstatat(AT_FDCWD, "/workspace/benchmark/chains/express_amount_trust", {st_mode=S_IFDIR|0775, st_size=4096, ...}, 0) = 0
26    newfstatat(AT_FDCWD, "/usr/local/lib/python3.11", {st_mode=S_IFDIR|0755, st_size=4096, ...}, 0) = 0
26    newfstatat(AT_FDCWD, "/usr/local/lib/python3.11/lib-dynload", {st_mode=S_IFDIR|0755, st_size=4096, ...}, 0) = 0
26    newfstatat(AT_FDCWD, "/usr/local/lib/python3.11/lib-dynload/_posixsubprocess.cpython-311-x86_64-linux-gnu.so", {st_mode=S_IFREG|0755, st_size=27208, ...}, 0) = 0
26    openat(AT_FDCWD, "/usr/local/lib/python3.11/lib-dynload/_posixsubprocess.cpython-311-x86_64-linux-gnu.so", O_RDONLY|O_CLOEXEC) = 3
26    newfstatat(AT_FDCWD, "/workspace/mosaic", {st_mode=S_IFDIR|0775, st_size=4096, ...}, 0) = 0
26    newfstatat(AT_FDCWD, "/workspace/mosaic/tasks.py", {st_mode=S_IFREG|0664, st_size=6907, ...}, 0) = 0
26    newfstatat(AT_FDCWD, "/workspace/mosaic/tasks.py", {st_mode=S_IFREG|0664, st_size=6907, ...}, 0) = 0
26    openat(AT_FDCWD, "/workspace/mosaic/__pycache__/tasks.cpython-311.pyc", O_RDONLY|O_CLOEXEC) = 3
26    newfstatat(AT_FDCWD, "/workspace", {st_mode=S_IFDIR|0755, st_size=4096, ...}, AT_SYMLINK_NOFOLLOW) = 0
26    newfstatat(AT_FDCWD, "/workspace/mosaic", {st_mode=S_IFDIR|0775, st_size=4096, ...}, AT_SYMLINK_NOFOLLOW) = 0
26    newfstatat(AT_FDCWD, "/workspace/mosaic/tasks.py", {st_mode=S_IFREG|0664, st_size=6907, ...}, AT_SYMLINK_NOFOLLOW) = 0
26    newfstatat(AT_FDCWD, "/workspace/mosaic/tasks.py", {st_mode=S_IFREG|0664, st_size=6907, ...}, 0) = 0
26    newfstatat(AT_FDCWD, "/workspace/mosaic", {st_mode=S_IFDIR|0775, st_size=4096, ...}, 0) = 0
26    newfstatat(AT_FDCWD, "/workspace/mosaic/stats.py", {st_mode=S_IFREG|0664, st_size=2469, ...}, 0) = 0
26    newfstatat(AT_FDCWD, "/workspace/mosaic/stats.py", {st_mode=S_IFREG|0664, st_size=2469, ...}, 0) = 0
26    openat(AT_FDCWD, "/workspace/mosaic/__pycache__/stats.cpython-311.pyc", O_RDONLY|O_CLOEXEC) = 3
26    newfstatat(AT_FDCWD, "/workspace/benchmark/chains/express_amount_trust", {st_mode=S_IFDIR|0775, st_size=4096, ...}, 0) = 0
26    newfstatat(AT_FDCWD, "/usr/local/lib/python3.11", {st_mode=S_IFDIR|0755, st_size=4096, ...}, 0) = 0
26    newfstatat(AT_FDCWD, "/usr/local/lib/python3.11/statistics.py", {st_mode=S_IFREG|0644, st_size=47705, ...}, 0) = 0
26    newfstatat(AT_FDCWD, "/usr/local/lib/python3.11/statistics.py", {st_mode=S_IFREG|0644, st_size=47705, ...}, 0) = 0
26    openat(AT_FDCWD, "/usr/local/lib/python3.11/__pycache__/statistics.cpython-311.pyc", O_RDONLY|O_CLOEXEC) = -1 ENOENT (No such file or directory)
26    openat(AT_FDCWD, "/usr/local/lib/python3.11/statistics.py", O_RDONLY|O_CLOEXEC) = 3
26    newfstatat(AT_FDCWD, "/usr/local/lib/python3.11/statistics.py", {st_mode=S_IFREG|0644, st_size=47705, ...}, 0) = 0
26    newfstatat(AT_FDCWD, "/usr/local/lib/python3.11/__pycache__", {st_mode=S_IFDIR|0755, st_size=4096, ...}, 0) = 0
26    openat(AT_FDCWD, "/usr/local/lib/python3.11/__pycache__/statistics.cpython-311.pyc.139768769618864", O_WRONLY|O_CREAT|O_EXCL|O_CLOEXEC, 0644) = 3
26    rename("/usr/local/lib/python3.11/__pycache__/statistics.cpython-311.pyc.139768769618864", "/usr/local/lib/python3.11/__pycache__/statistics.cpython-311.pyc") = 0
26    newfstatat(AT_FDCWD, "/workspace/benchmark/chains/express_amount_trust", {st_mode=S_IFDIR|0775, st_size=4096, ...}, 0) = 0
26    newfstatat(AT_FDCWD, "/usr/local/lib/python3.11", {st_mode=S_IFDIR|0755, st_size=4096, ...}, 0) = 0
26    newfstatat(AT_FDCWD, "/usr/local/lib/python3.11/lib-dynload", {st_mode=S_IFDIR|0755, st_size=4096, ...}, 0) = 0
26    newfstatat(AT_FDCWD, "/usr/local/lib/python3.11/lib-dynload/_statistics.cpython-311-x86_64-linux-gnu.so", {st_mode=S_IFREG|0755, st_size=14472, ...}, 0) = 0
26    openat(AT_FDCWD, "/usr/local/lib/python3.11/lib-dynload/_statistics.cpython-311-x86_64-linux-gnu.so", O_RDONLY|O_CLOEXEC) = 3
26    newfstatat(AT_FDCWD, "/workspace/mosaic", {st_mode=S_IFDIR|0775, st_size=4096, ...}, 0) = 0
26    newfstatat(AT_FDCWD, "/workspace/mosaic/oracle/__init__.cpython-311-x86_64-linux-gnu.so", 0x7ffc98f43100, 0) = -1 ENOENT (No such file or directory)
26    newfstatat(AT_FDCWD, "/workspace/mosaic/oracle/__init__.abi3.so", 0x7ffc98f43100, 0) = -1 ENOENT (No such file or directory)
26    newfstatat(AT_FDCWD, "/workspace/mosaic/oracle/__init__.so", 0x7ffc98f43100, 0) = -1 ENOENT (No such file or directory)
26    newfstatat(AT_FDCWD, "/workspace/mosaic/oracle/__init__.py", {st_mode=S_IFREG|0664, st_size=736, ...}, 0) = 0
26    newfstatat(AT_FDCWD, "/workspace/mosaic/oracle/__init__.py", {st_mode=S_IFREG|0664, st_size=736, ...}, 0) = 0
26    openat(AT_FDCWD, "/workspace/mosaic/oracle/__pycache__/__init__.cpython-311.pyc", O_RDONLY|O_CLOEXEC) = -1 ENOENT (No such file or directory)
26    openat(AT_FDCWD, "/workspace/mosaic/oracle/__init__.py", O_RDONLY|O_CLOEXEC) = 3
26    newfstatat(AT_FDCWD, "/workspace/mosaic/oracle/__init__.py", {st_mode=S_IFREG|0664, st_size=736, ...}, 0) = 0
26    newfstatat(AT_FDCWD, "/workspace/mosaic/oracle/__pycache__", 0x7ffc98f43100, 0) = -1 ENOENT (No such file or directory)
26    newfstatat(AT_FDCWD, "/workspace/mosaic/oracle", {st_mode=S_IFDIR|0775, st_size=4096, ...}, 0) = 0
26    mkdir("/workspace/mosaic/oracle/__pycache__", 0777) = 0
26    openat(AT_FDCWD, "/workspace/mosaic/oracle/__pycache__/__init__.cpython-311.pyc.139768769408656", O_WRONLY|O_CREAT|O_EXCL|O_CLOEXEC, 0664) = 3
26    rename("/workspace/mosaic/oracle/__pycache__/__init__.cpython-311.pyc.139768769408656", "/workspace/mosaic/oracle/__pycache__/__init__.cpython-311.pyc") = 0
26    newfstatat(AT_FDCWD, "/workspace/mosaic/oracle", {st_mode=S_IFDIR|0775, st_size=4096, ...}, 0) = 0
26    newfstatat(AT_FDCWD, "/workspace/mosaic/oracle", {st_mode=S_IFDIR|0775, st_size=4096, ...}, 0) = 0
26    newfstatat(AT_FDCWD, "/workspace/mosaic/oracle", {st_mode=S_IFDIR|0775, st_size=4096, ...}, 0) = 0
26    openat(AT_FDCWD, "/workspace/mosaic/oracle", O_RDONLY|O_NONBLOCK|O_CLOEXEC|O_DIRECTORY) = 3
26    newfstatat(AT_FDCWD, "/workspace/mosaic/oracle/evaluator.py", {st_mode=S_IFREG|0664, st_size=16442, ...}, 0) = 0
26    newfstatat(AT_FDCWD, "/workspace/mosaic/oracle/evaluator.py", {st_mode=S_IFREG|0664, st_size=16442, ...}, 0) = 0
26    openat(AT_FDCWD, "/workspace/mosaic/oracle/__pycache__/evaluator.cpython-311.pyc", O_RDONLY|O_CLOEXEC) = -1 ENOENT (No such file or directory)
26    openat(AT_FDCWD, "/workspace/mosaic/oracle/evaluator.py", O_RDONLY|O_CLOEXEC) = 3
26    newfstatat(AT_FDCWD, "/workspace/mosaic/oracle/evaluator.py", {st_mode=S_IFREG|0664, st_size=16442, ...}, 0) = 0
26    newfstatat(AT_FDCWD, "/workspace/mosaic/oracle/__pycache__", {st_mode=S_IFDIR|0755, st_size=4096, ...}, 0) = 0
26    openat(AT_FDCWD, "/workspace/mosaic/oracle/__pycache__/evaluator.cpython-311.pyc.139768769408656", O_WRONLY|O_CREAT|O_EXCL|O_CLOEXEC, 0664) = 3
26    rename("/workspace/mosaic/oracle/__pycache__/evaluator.cpython-311.pyc.139768769408656", "/workspace/mosaic/oracle/__pycache__/evaluator.cpython-311.pyc") = 0
26    newfstatat(AT_FDCWD, "/workspace/mosaic/oracle", {st_mode=S_IFDIR|0775, st_size=4096, ...}, 0) = 0
26    newfstatat(AT_FDCWD, "/workspace/mosaic/oracle/exploit.py", {st_mode=S_IFREG|0664, st_size=8939, ...}, 0) = 0
26    newfstatat(AT_FDCWD, "/workspace/mosaic/oracle/exploit.py", {st_mode=S_IFREG|0664, st_size=8939, ...}, 0) = 0
26    openat(AT_FDCWD, "/workspace/mosaic/oracle/__pycache__/exploit.cpython-311.pyc", O_RDONLY|O_CLOEXEC) = -1 ENOENT (No such file or directory)
26    openat(AT_FDCWD, "/workspace/mosaic/oracle/exploit.py", O_RDONLY|O_CLOEXEC) = 3
26    newfstatat(AT_FDCWD, "/workspace/mosaic/oracle/exploit.py", {st_mode=S_IFREG|0664, st_size=8939, ...}, 0) = 0
26    newfstatat(AT_FDCWD, "/workspace/mosaic/oracle/__pycache__", {st_mode=S_IFDIR|0755, st_size=4096, ...}, 0) = 0
26    openat(AT_FDCWD, "/workspace/mosaic/oracle/__pycache__/exploit.cpython-311.pyc.139768769408656", O_WRONLY|O_CREAT|O_EXCL|O_CLOEXEC, 0664) = 3
26    rename("/workspace/mosaic/oracle/__pycache__/exploit.cpython-311.pyc.139768769408656", "/workspace/mosaic/oracle/__pycache__/exploit.cpython-311.pyc") = 0
26    newfstatat(AT_FDCWD, "/usr/local/lib/python3.11/urllib", {st_mode=S_IFDIR|0755, st_size=4096, ...}, 0) = 0
26    newfstatat(AT_FDCWD, "/usr/local/lib/python3.11/urllib/error.py", {st_mode=S_IFREG|0644, st_size=2415, ...}, 0) = 0
26    newfstatat(AT_FDCWD, "/usr/local/lib/python3.11/urllib/error.py", {st_mode=S_IFREG|0644, st_size=2415, ...}, 0) = 0
26    openat(AT_FDCWD, "/usr/local/lib/python3.11/urllib/__pycache__/error.cpython-311.pyc", O_RDONLY|O_CLOEXEC) = 3
26    newfstatat(AT_FDCWD, "/usr/local/lib/python3.11/urllib", {st_mode=S_IFDIR|0755, st_size=4096, ...}, 0) = 0
26    newfstatat(AT_FDCWD, "/usr/local/lib/python3.11/urllib/response.py", {st_mode=S_IFREG|0644, st_size=2361, ...}, 0) = 0
26    newfstatat(AT_FDCWD, "/usr/local/lib/python3.11/urllib/response.py", {st_mode=S_IFREG|0644, st_size=2361, ...}, 0) = 0
26    openat(AT_FDCWD, "/usr/local/lib/python3.11/urllib/__pycache__/response.cpython-311.pyc", O_RDONLY|O_CLOEXEC) = 3
26    newfstatat(AT_FDCWD, "/usr/local/lib/python3.11/urllib", {st_mode=S_IFDIR|0755, st_size=4096, ...}, 0) = 0
26    newfstatat(AT_FDCWD, "/usr/local/lib/python3.11/urllib/request.py", {st_mode=S_IFREG|0644, st_size=101960, ...}, 0) = 0
26    newfstatat(AT_FDCWD, "/usr/local/lib/python3.11/urllib/request.py", {st_mode=S_IFREG|0644, st_size=101960, ...}, 0) = 0
26    openat(AT_FDCWD, "/usr/local/lib/python3.11/urllib/__pycache__/request.cpython-311.pyc", O_RDONLY|O_CLOEXEC) = 3
26    newfstatat(AT_FDCWD, "/workspace/benchmark/chains/express_amount_trust", {st_mode=S_IFDIR|0775, st_size=4096, ...}, 0) = 0
26    newfstatat(AT_FDCWD, "/usr/local/lib/python3.11", {st_mode=S_IFDIR|0755, st_size=4096, ...}, 0) = 0
26    newfstatat(AT_FDCWD, "/usr/local/lib/python3.11/hashlib.py", {st_mode=S_IFREG|0644, st_size=11765, ...}, 0) = 0
26    newfstatat(AT_FDCWD, "/usr/local/lib/python3.11/hashlib.py", {st_mode=S_IFREG|0644, st_size=11765, ...}, 0) = 0
26    openat(AT_FDCWD, "/usr/local/lib/python3.11/__pycache__/hashlib.cpython-311.pyc", O_RDONLY|O_CLOEXEC) = 3
26    newfstatat(AT_FDCWD, "/workspace/benchmark/chains/express_amount_trust", {st_mode=S_IFDIR|0775, st_size=4096, ...}, 0) = 0
26    newfstatat(AT_FDCWD, "/usr/local/lib/python3.11", {st_mode=S_IFDIR|0755, st_size=4096, ...}, 0) = 0
26    newfstatat(AT_FDCWD, "/usr/local/lib/python3.11/lib-dynload", {st_mode=S_IFDIR|0755, st_size=4096, ...}, 0) = 0
26    newfstatat(AT_FDCWD, "/usr/local/lib/python3.11/lib-dynload/_hashlib.cpython-311-x86_64-linux-gnu.so", {st_mode=S_IFREG|0755, st_size=59440, ...}, 0) = 0
26    openat(AT_FDCWD, "/usr/local/lib/python3.11/lib-dynload/_hashlib.cpython-311-x86_64-linux-gnu.so", O_RDONLY|O_CLOEXEC) = 3
26    openat(AT_FDCWD, "/etc/ld.so.cache", O_RDONLY|O_CLOEXEC) = 3
26    openat(AT_FDCWD, "/lib/x86_64-linux-gnu/libcrypto.so.3", O_RDONLY|O_CLOEXEC) = 3
26    openat(AT_FDCWD, "/lib/x86_64-linux-gnu/libzstd.so.1", O_RDONLY|O_CLOEXEC) = 3
26    openat(AT_FDCWD, "/usr/lib/ssl/openssl.cnf", O_RDONLY) = 3
26    newfstatat(AT_FDCWD, "/workspace/benchmark/chains/express_amount_trust", {st_mode=S_IFDIR|0775, st_size=4096, ...}, 0) = 0
26    newfstatat(AT_FDCWD, "/usr/local/lib/python3.11", {st_mode=S_IFDIR|0755, st_size=4096, ...}, 0) = 0
26    newfstatat(AT_FDCWD, "/usr/local/lib/python3.11/lib-dynload", {st_mode=S_IFDIR|0755, st_size=4096, ...}, 0) = 0
26    newfstatat(AT_FDCWD, "/usr/local/lib/python3.11/lib-dynload/_blake2.cpython-311-x86_64-linux-gnu.so", {st_mode=S_IFREG|0755, st_size=48560, ...}, 0) = 0
26    openat(AT_FDCWD, "/usr/local/lib/python3.11/lib-dynload/_blake2.cpython-311-x86_64-linux-gnu.so", O_RDONLY|O_CLOEXEC) = 3
26    newfstatat(AT_FDCWD, "/workspace/benchmark/chains/express_amount_trust", {st_mode=S_IFDIR|0775, st_size=4096, ...}, 0) = 0
26    newfstatat(AT_FDCWD, "/usr/local/lib/python3.11", {st_mode=S_IFDIR|0755, st_size=4096, ...}, 0) = 0
26    newfstatat(AT_FDCWD, "/usr/local/lib/python3.11/http/__init__.cpython-311-x86_64-linux-gnu.so", 0x7ffc98f41260, 0) = -1 ENOENT (No such file or directory)
26    newfstatat(AT_FDCWD, "/usr/local/lib/python3.11/http/__init__.abi3.so", 0x7ffc98f41260, 0) = -1 ENOENT (No such file or directory)
26    newfstatat(AT_FDCWD, "/usr/local/lib/python3.11/http/__init__.so", 0x7ffc98f41260, 0) = -1 ENOENT (No such file or directory)
26    newfstatat(AT_FDCWD, "/usr/local/lib/python3.11/http/__init__.py", {st_mode=S_IFREG|0644, st_size=7913, ...}, 0) = 0
26    newfstatat(AT_FDCWD, "/usr/local/lib/python3.11/http/__init__.py", {st_mode=S_IFREG|0644, st_size=7913, ...}, 0) = 0
26    openat(AT_FDCWD, "/usr/local/lib/python3.11/http/__pycache__/__init__.cpython-311.pyc", O_RDONLY|O_CLOEXEC) = 3
26    newfstatat(AT_FDCWD, "/usr/local/lib/python3.11/http", {st_mode=S_IFDIR|0755, st_size=4096, ...}, 0) = 0
26    newfstatat(AT_FDCWD, "/usr/local/lib/python3.11/http", {st_mode=S_IFDIR|0755, st_size=4096, ...}, 0) = 0
26    newfstatat(AT_FDCWD, "/usr/local/lib/python3.11/http", {st_mode=S_IFDIR|0755, st_size=4096, ...}, 0) = 0
26    openat(AT_FDCWD, "/usr/local/lib/python3.11/http", O_RDONLY|O_NONBLOCK|O_CLOEXEC|O_DIRECTORY) = 3
26    newfstatat(AT_FDCWD, "/usr/local/lib/python3.11/http/client.py", {st_mode=S_IFREG|0644, st_size=59817, ...}, 0) = 0
26    newfstatat(AT_FDCWD, "/usr/local/lib/python3.11/http/client.py", {st_mode=S_IFREG|0644, st_size=59817, ...}, 0) = 0
26    openat(AT_FDCWD, "/usr/local/lib/python3.11/http/__pycache__/client.cpython-311.pyc", O_RDONLY|O_CLOEXEC) = 3
26    newfstatat(AT_FDCWD, "/usr/local/lib/python3.11/email", {st_mode=S_IFDIR|0755, st_size=4096, ...}, 0) = 0
26    newfstatat(AT_FDCWD, "/usr/local/lib/python3.11/email/parser.py", {st_mode=S_IFREG|0644, st_size=5038, ...}, 0) = 0
26    newfstatat(AT_FDCWD, "/usr/local/lib/python3.11/email/parser.py", {st_mode=S_IFREG|0644, st_size=5038, ...}, 0) = 0
26    openat(AT_FDCWD, "/usr/local/lib/python3.11/email/__pycache__/parser.cpython-311.pyc", O_RDONLY|O_CLOEXEC) = 3
26    newfstatat(AT_FDCWD, "/usr/local/lib/python3.11/email", {st_mode=S_IFDIR|0755, st_size=4096, ...}, 0) = 0
26    newfstatat(AT_FDCWD, "/usr/local/lib/python3.11/email/feedparser.py", {st_mode=S_IFREG|0644, st_size=22802, ...}, 0) = 0
26    newfstatat(AT_FDCWD, "/usr/local/lib/python3.11/email/feedparser.py", {st_mode=S_IFREG|0644, st_size=22802, ...}, 0) = 0
26    openat(AT_FDCWD, "/usr/local/lib/python3.11/email/__pycache__/feedparser.cpython-311.pyc", O_RDONLY|O_CLOEXEC) = 3
26    newfstatat(AT_FDCWD, "/workspace/benchmark/chains/express_amount_trust", {st_mode=S_IFDIR|0775, st_size=4096, ...}, 0) = 0
26    newfstatat(AT_FDCWD, "/usr/local/lib/python3.11", {st_mode=S_IFDIR|0755, st_size=4096, ...}, 0) = 0
26    newfstatat(AT_FDCWD, "/usr/local/lib/python3.11/ssl.py", {st_mode=S_IFREG|0644, st_size=54305, ...}, 0) = 0
26    newfstatat(AT_FDCWD, "/usr/local/lib/python3.11/ssl.py", {st_mode=S_IFREG|0644, st_size=54305, ...}, 0) = 0
26    openat(AT_FDCWD, "/usr/local/lib/python3.11/__pycache__/ssl.cpython-311.pyc", O_RDONLY|O_CLOEXEC) = 3
26    newfstatat(AT_FDCWD, "/workspace/benchmark/chains/express_amount_trust", {st_mode=S_IFDIR|0775, st_size=4096, ...}, 0) = 0
26    newfstatat(AT_FDCWD, "/usr/local/lib/python3.11", {st_mode=S_IFDIR|0755, st_size=4096, ...}, 0) = 0
26    newfstatat(AT_FDCWD, "/usr/local/lib/python3.11/lib-dynload", {st_mode=S_IFDIR|0755, st_size=4096, ...}, 0) = 0
26    newfstatat(AT_FDCWD, "/usr/local/lib/python3.11/lib-dynload/_ssl.cpython-311-x86_64-linux-gnu.so", {st_mode=S_IFREG|0755, st_size=208608, ...}, 0) = 0
26    openat(AT_FDCWD, "/usr/local/lib/python3.11/lib-dynload/_ssl.cpython-311-x86_64-linux-gnu.so", O_RDONLY|O_CLOEXEC) = 3
26    openat(AT_FDCWD, "/etc/ld.so.cache", O_RDONLY|O_CLOEXEC) = 3
26    openat(AT_FDCWD, "/lib/x86_64-linux-gnu/libssl.so.3", O_RDONLY|O_CLOEXEC) = 3
26    exit_group(0)                     = ?
26    +++ exited with 0 +++
20    --- SIGCHLD {si_signo=SIGCHLD, si_code=CLD_EXITED, si_pid=26, si_uid=0, si_status=0, si_utime=23 /* 0.23 s */, si_stime=10 /* 0.10 s */} ---
20    wait4(26, [{WIFEXITED(s) && WEXITSTATUS(s) == 0}], 0, NULL) = 26
20    exit_group(1)                     = ?
20    +++ exited with 1 +++
